image,site,max_conf
sdis-77_croix-augas-212_2024-07-17T09-29-28.jpg,croix-augas,0.8846
sdis-77_croix-augas-212_2024-07-17T09-19-37.jpg,croix-augas,0.8504
force-06_courmettes-212_2024-04-22T09-29-37.jpg,courmettes,0.8397
force-06_valbonne-349_2024-04-07T15-34-03.jpg,valbonne,0.83
sdis-07_brison-290_2024-01-05T10-14-04.jpg,brison,0.8274
force-06_courmettes-275_2024-01-22T15-11-40.jpg,courmettes,0.8049
force-06_courmettes-275_2024-04-27T10-08-13.jpg,courmettes,0.7977
force-06_courmettes-212_2024-04-22T09-29-39.jpg,courmettes,0.7951
force-06_courmettes-160_2024-04-03T09-04-55.jpg,courmettes,0.7944
force-06_courmettes-160_2024-04-03T09-04-58.jpg,courmettes,0.7944
force-06_courmettes-160_2024-01-16T09-23-06.jpg,courmettes,0.7932
force-06_courmettes-160_2024-02-18T10-52-00.jpg,courmettes,0.7929
force-06_courmettes-275_2024-04-08T19-29-16.jpg,courmettes,0.7923
force-06_courmettes-275_2024-04-27T19-37-31.jpg,courmettes,0.7917
force-06_courmettes-160_2024-01-16T09-22-05.jpg,courmettes,0.7913
force-06_courmettes-275_2024-04-27T19-37-01.jpg,courmettes,0.7899
sdis-07_brison-290_2024-03-19T18-58-51.jpg,brison,0.7895
sdis-07_brison-110_2024-03-28T11-26-03.jpg,brison,0.7893
force-06_courmettes-275_2024-04-27T09-51-40.jpg,courmettes,0.7891
sdis-07_brison-110_2024-03-28T09-32-26.jpg,brison,0.7877
force-06_valbonne-67_2024-04-24T09-20-05.jpg,valbonne,0.7852
force-06_courmettes-275_2024-04-27T10-06-12.jpg,courmettes,0.7819
sdis-07_brison-20_2024-01-18T10-26-07.jpg,brison,0.7806
force-06_courmettes-212_2024-09-17T16-27-46.jpg,courmettes,0.7804
force-06_courmettes-275_2024-04-08T19-24-10.jpg,courmettes,0.7788
force-06_valbonne-223_2024-01-12T11-41-07.jpg,valbonne,0.7785
sdis-07_brison-110_2024-03-28T11-25-56.jpg,brison,0.778
force-06_courmettes-275_2024-04-27T09-51-10.jpg,courmettes,0.7769
force-06_courmettes-212_2024-04-08T19-32-39.jpg,courmettes,0.7758
force-06_courmettes-275_2024-04-08T19-33-44.jpg,courmettes,0.7747
sdis-07_brison-110_2024-01-21T13-37-01.jpg,brison,0.7701
force-06_courmettes-212_2024-02-05T09-35-11.jpg,courmettes,0.768
force-06_courmettes-275_2024-04-27T19-36-36.jpg,courmettes,0.7675
force-06_courmettes-212_2024-04-08T19-32-07.jpg,courmettes,0.7668
sdis-07_brison-110_2024-02-05T09-13-33.jpg,brison,0.7663
sdis-07_brison-290_2024-03-08T10-21-03.jpg,brison,0.7663
force-06_courmettes-160_2024-04-03T09-04-35.jpg,courmettes,0.7645
force-06_courmettes-160_2024-04-23T10-06-01.jpg,courmettes,0.7622
sdis-07_brison-200_2024-02-04T17-06-57.jpg,brison,0.7614
force-06_courmettes-160_2024-01-16T09-22-36.jpg,courmettes,0.7592
force-06_courmettes-160_2024-01-16T09-21-43.jpg,courmettes,0.7585
force-06_courmettes-160_2024-06-21T08-52-48.jpg,courmettes,0.7561
force-06_courmettes-160_2024-04-20T18-59-43.jpg,courmettes,0.7559
force-06_courmettes-275_2024-04-27T19-25-05.jpg,courmettes,0.7536
force-06_courmettes-212_2024-02-15T09-05-22.jpg,courmettes,0.7525
force-06_courmettes-160_2024-01-02T11-01-28.jpg,courmettes,0.7521
force-06_courmettes-275_2024-04-27T19-27-30.jpg,courmettes,0.7513
sdis-07_brison-20_2024-03-08T10-58-27.jpg,brison,0.7505
sdis-07_brison-20_2024-01-09T10-46-52.jpg,brison,0.7489
force-06_courmettes-275_2024-04-27T19-26-59.jpg,courmettes,0.7462
force-06_courmettes-275_2024-04-08T19-33-13.jpg,courmettes,0.7453
sdis-07_brison-20_2024-02-14T15-14-53.jpg,brison,0.7452
force-06_courmettes-275_2024-02-28T10-31-54.jpg,courmettes,0.7452
force-06_courmettes-275_2024-04-27T19-39-02.jpg,courmettes,0.7451
force-06_courmettes-160_2024-01-02T11-01-29.jpg,courmettes,0.7411
force-06_courmettes-275_2024-01-29T16-01-37.jpg,courmettes,0.7404
sdis-07_brison-110_2024-03-28T11-26-59.jpg,brison,0.7397
force-06_courmettes-275_2024-04-27T09-50-32.jpg,courmettes,0.7395
force-06_courmettes-160_2024-02-18T10-36-00.jpg,courmettes,0.7378
force-06_courmettes-212_2024-01-25T14-24-43.jpg,courmettes,0.7362
force-06_courmettes-160_2024-02-18T10-52-31.jpg,courmettes,0.7355
force-06_valbonne-138_2024-01-23T13-15-59.jpg,valbonne,0.7352
force-06_courmettes-212_2024-09-17T16-25-19.jpg,courmettes,0.735
sdis-07_brison-110_2024-03-28T10-32-58.jpg,brison,0.7333
force-06_courmettes-160_2024-01-09T10-11-52.jpg,courmettes,0.733
force-06_courmettes-212_2024-01-24T15-13-20.jpg,courmettes,0.7324
force-06_courmettes-160_2024-02-27T13-53-29.jpg,courmettes,0.7323
force-06_valbonne-349_2024-01-23T11-16-58.jpg,valbonne,0.7315
force-06_courmettes-212_2024-01-25T13-52-41.jpg,courmettes,0.731
force-06_courmettes-160_2024-04-26T09-12-21.jpg,courmettes,0.7303
force-06_valbonne-138_2024-01-02T10-47-01.jpg,valbonne,0.7294
sdis-07_brison-200_2024-03-19T09-34-10.jpg,brison,0.7273
force-06_courmettes-275_2024-04-08T19-27-20.jpg,courmettes,0.7269
force-06_courmettes-275_2024-04-08T19-34-45.jpg,courmettes,0.7259
force-06_courmettes-212_2024-01-25T13-52-13.jpg,courmettes,0.7255
force-06_courmettes-212_2024-01-25T13-51-41.jpg,courmettes,0.7252
force-06_valbonne-349_2024-01-23T13-57-03.jpg,valbonne,0.7247
force-06_courmettes-212_2024-02-05T10-38-36.jpg,courmettes,0.7245
force-06_courmettes-212_2024-04-08T19-28-08.jpg,courmettes,0.7243
force-06_courmettes-160_2024-06-21T09-16-19.jpg,courmettes,0.7242
sdis-77_croix-augas-265_2024-09-06T09-32-03.jpg,croix-augas,0.7228
force-06_courmettes-212_2024-01-16T13-46-25.jpg,courmettes,0.7224
force-06_courmettes-275_2024-04-27T19-28-00.jpg,courmettes,0.7221
force-06_courmettes-160_2024-04-20T18-17-42.jpg,courmettes,0.721
force-06_courmettes-275_2024-04-08T19-32-12.jpg,courmettes,0.7207
sdis-07_brison-200_2024-03-04T16-18-23.jpg,brison,0.7198
force-06_valbonne-349_2024-01-23T13-56-33.jpg,valbonne,0.7196
force-06_courmettes-80_2024-01-10T11-14-41.jpg,courmettes,0.7193
force-06_courmettes-160_2024-01-09T10-16-44.jpg,courmettes,0.7188
sdis-07_brison-200_2024-01-26T15-30-07.jpg,brison,0.7185
sdis-07_brison-200_2024-02-13T16-18-42.jpg,brison,0.7181
sdis-07_brison-290_2024-01-10T10-02-31.jpg,brison,0.7163
force-06_courmettes-212_2024-04-22T09-29-50.jpg,courmettes,0.7159
force-06_valbonne-138_2024-01-06T15-18-32.jpg,valbonne,0.715
force-06_courmettes-275_2024-04-27T19-38-30.jpg,courmettes,0.7129
force-06_courmettes-160_2024-04-08T09-19-18.jpg,courmettes,0.7127
force-06_courmettes-275_2024-01-22T15-11-33.jpg,courmettes,0.712
force-06_courmettes-160_2024-01-02T11-50-31.jpg,courmettes,0.7117
force-06_valbonne-349_2024-01-23T11-18-29.jpg,valbonne,0.7116
force-06_courmettes-275_2024-04-27T19-26-32.jpg,courmettes,0.7097
force-06_courmettes-212_2024-02-24T16-42-54.jpg,courmettes,0.7094
force-06_courmettes-160_2024-04-10T18-08-33.jpg,courmettes,0.7083
force-06_courmettes-212_2024-02-24T16-43-01.jpg,courmettes,0.7072
sdis-07_brison-290_2024-02-03T09-56-06.jpg,brison,0.7068
force-06_courmettes-160_2024-01-20T09-40-51.jpg,courmettes,0.7064
sdis-07_brison-20_2024-01-04T16-11-28.jpg,brison,0.7058
force-06_courmettes-275_2024-04-27T09-50-39.jpg,courmettes,0.7024
force-06_courmettes-212_2024-01-25T13-56-11.jpg,courmettes,0.7018
force-06_courmettes-275_2024-04-27T10-06-43.jpg,courmettes,0.7017
force-06_courmettes-80_2024-01-10T10-26-09.jpg,courmettes,0.7006
force-06_valbonne-138_2024-01-23T13-16-00.jpg,valbonne,0.6999
force-06_courmettes-212_2024-02-05T10-15-35.jpg,courmettes,0.6999
force-06_courmettes-212_2024-02-24T16-42-59.jpg,courmettes,0.6994
sdis-07_brison-110_2024-03-17T10-14-44.jpg,brison,0.6982
force-06_courmettes-212_2024-02-28T13-21-27.jpg,courmettes,0.6981
force-06_courmettes-160_2024-04-03T09-04-06.jpg,courmettes,0.6977
force-06_courmettes-212_2024-04-08T19-27-14.jpg,courmettes,0.6977
force-06_courmettes-160_2024-04-20T18-17-12.jpg,courmettes,0.6958
force-06_courmettes-212_2024-09-17T18-39-18.jpg,courmettes,0.6957
sdis-07_brison-200_2024-03-16T09-41-27.jpg,brison,0.6951
force-06_courmettes-160_2024-01-09T10-20-14.jpg,courmettes,0.6948
force-06_courmettes-160_2024-04-08T09-18-32.jpg,courmettes,0.6943
sdis-07_brison-290_2024-02-03T10-13-43.jpg,brison,0.6937
sdis-07_brison-110_2024-02-29T09-42-37.jpg,brison,0.6927
force-06_valbonne-138_2024-01-02T10-48-32.jpg,valbonne,0.6915
force-06_courmettes-160_2024-04-22T14-43-52.jpg,courmettes,0.6904
force-06_courmettes-212_2024-01-26T11-00-31.jpg,courmettes,0.6896
force-06_courmettes-160_2024-04-03T09-03-56.jpg,courmettes,0.6895
sdis-07_brison-110_2024-03-08T10-31-14.jpg,brison,0.6887
force-06_courmettes-275_2024-04-27T10-08-02.jpg,courmettes,0.6884
sdis-07_brison-200_2024-03-19T09-33-20.jpg,brison,0.6881
force-06_valbonne-67_2024-02-02T09-05-28.jpg,valbonne,0.688
force-06_courmettes-160_2024-01-16T10-10-37.jpg,courmettes,0.6873
force-06_valbonne-67_2024-02-21T10-31-06.jpg,valbonne,0.6871
sdis-07_brison-200_2024-03-04T16-18-59.jpg,brison,0.6858
force-06_courmettes-160_2024-04-03T11-14-46.jpg,courmettes,0.685
force-06_courmettes-160_2024-04-03T11-14-36.jpg,courmettes,0.685
sdis-07_brison-110_2024-03-28T11-26-47.jpg,brison,0.6844
force-06_courmettes-212_2024-01-04T11-44-36.jpg,courmettes,0.6833
sdis-07_brison-200_2024-01-01T12-33-23.jpg,brison,0.6829
sdis-07_brison-200_2024-03-27T18-52-03.jpg,brison,0.6808
force-06_courmettes-212_2024-01-25T13-53-11.jpg,courmettes,0.6807
force-06_courmettes-275_2024-04-08T19-29-42.jpg,courmettes,0.6804
force-06_courmettes-160_2024-02-27T13-52-00.jpg,courmettes,0.6803
force-06_courmettes-160_2024-01-27T09-49-57.jpg,courmettes,0.68
force-06_courmettes-160_2024-02-18T10-53-31.jpg,courmettes,0.6794
force-06_valbonne-67_2024-02-05T16-00-31.jpg,valbonne,0.6786
force-06_valbonne-67_2024-02-05T16-00-28.jpg,valbonne,0.6786
force-06_valbonne-349_2024-01-23T13-58-03.jpg,valbonne,0.6785
force-06_courmettes-160_2024-01-09T10-15-44.jpg,courmettes,0.6777
sdis-07_brison-290_2024-01-09T15-46-23.jpg,brison,0.6771
force-06_courmettes-160_2024-01-29T12-11-55.jpg,courmettes,0.676
force-06_courmettes-212_2024-01-25T13-53-41.jpg,courmettes,0.676
force-06_courmettes-212_2024-02-15T09-05-42.jpg,courmettes,0.6759
sdis-07_brison-20_2024-02-24T17-14-50.jpg,brison,0.6757
force-06_courmettes-160_2024-04-08T09-45-47.jpg,courmettes,0.6757
force-06_courmettes-160_2024-04-26T10-51-42.jpg,courmettes,0.6755
force-06_courmettes-212_2024-01-25T14-23-13.jpg,courmettes,0.675
force-06_courmettes-275_2024-04-08T19-27-09.jpg,courmettes,0.6745
force-06_courmettes-212_2024-02-28T13-24-57.jpg,courmettes,0.6728
force-06_courmettes-160_2024-02-27T13-52-59.jpg,courmettes,0.6717
force-06_courmettes-160_2024-02-27T13-53-59.jpg,courmettes,0.6716
force-06_valbonne-349_2024-01-24T09-18-55.jpg,valbonne,0.6712
force-06_courmettes-275_2024-04-08T19-23-21.jpg,courmettes,0.671
force-06_courmettes-275_2024-04-09T14-38-15.jpg,courmettes,0.6709
force-06_courmettes-275_2024-04-27T19-41-00.jpg,courmettes,0.6708
force-06_courmettes-160_2024-04-23T09-44-31.jpg,courmettes,0.6704
force-06_courmettes-212_2024-04-27T09-49-37.jpg,courmettes,0.6702
force-06_valbonne-349_2024-01-08T09-16-09.jpg,valbonne,0.6685
sdis-07_brison-20_2024-01-31T11-22-08.jpg,brison,0.6682
sdis-07_brison-110_2024-03-28T09-32-56.jpg,brison,0.6677
sdis-07_brison-200_2024-03-19T09-30-56.jpg,brison,0.6661
force-06_courmettes-160_2024-01-20T09-38-50.jpg,courmettes,0.666
sdis-07_brison-200_2024-02-14T16-31-05.jpg,brison,0.6653
sdis-77_croix-augas-265_2024-07-24T15-30-12.jpg,croix-augas,0.6626
force-06_courmettes-160_2024-02-18T10-55-30.jpg,courmettes,0.6618
sdis-07_brison-200_2024-03-04T16-18-36.jpg,brison,0.6615
force-06_courmettes-212_2024-09-17T16-25-16.jpg,courmettes,0.6614
force-06_courmettes-212_2024-01-25T13-55-42.jpg,courmettes,0.6606
force-06_courmettes-212_2024-04-08T19-30-08.jpg,courmettes,0.6603
sdis-07_brison-110_2024-02-05T08-41-39.jpg,brison,0.66
force-06_courmettes-212_2024-02-29T15-08-47.jpg,courmettes,0.6598
force-06_courmettes-212_2024-06-23T19-27-23.jpg,courmettes,0.6586
force-06_valbonne-349_2024-04-20T19-02-46.jpg,valbonne,0.6578
force-06_valbonne-67_2024-01-15T10-24-35.jpg,valbonne,0.6578
force-06_courmettes-212_2024-01-12T09-20-27.jpg,courmettes,0.6577
force-06_courmettes-275_2024-01-29T17-36-44.jpg,courmettes,0.6543
force-06_courmettes-212_2024-01-15T13-28-22.jpg,courmettes,0.6543
sdis-07_brison-290_2024-03-08T08-16-36.jpg,brison,0.6532
sdis-07_brison-200_2024-01-26T15-29-36.jpg,brison,0.652
force-06_courmettes-212_2024-04-20T10-09-01.jpg,courmettes,0.6519
force-06_courmettes-160_2024-04-26T10-52-18.jpg,courmettes,0.6518
force-06_valbonne-138_2024-01-13T17-30-19.jpg,valbonne,0.6503
sdis-07_brison-290_2024-02-03T17-39-38.jpg,brison,0.6497
force-06_valbonne-67_2024-02-07T09-38-09.jpg,valbonne,0.6492
force-06_courmettes-275_2024-04-08T19-23-40.jpg,courmettes,0.648
force-06_courmettes-160_2024-04-03T09-02-16.jpg,courmettes,0.6477
sdis-07_brison-200_2024-01-04T15-31-34.jpg,brison,0.6476
force-06_courmettes-212_2024-02-28T13-24-28.jpg,courmettes,0.6471
force-06_courmettes-160_2024-06-20T10-44-30.jpg,courmettes,0.6461
force-06_courmettes-212_2024-02-07T09-07-43.jpg,courmettes,0.6459
sdis-77_croix-augas-212_2024-09-16T18-53-00.jpg,croix-augas,0.6457
force-06_courmettes-212_2024-02-28T13-20-28.jpg,courmettes,0.6457
sdis-07_brison-110_2024-03-17T10-15-11.jpg,brison,0.6455
force-06_courmettes-275_2024-04-20T19-46-56.jpg,courmettes,0.645
force-06_courmettes-275_2024-01-10T10-50-10.jpg,courmettes,0.6445
force-06_courmettes-160_2024-04-26T09-13-12.jpg,courmettes,0.6442
force-06_courmettes-212_2024-02-28T13-19-30.jpg,courmettes,0.6433
force-06_courmettes-275_2024-01-10T10-49-49.jpg,courmettes,0.6433
force-06_courmettes-275_2024-04-08T19-28-12.jpg,courmettes,0.643
force-06_courmettes-212_2024-01-25T13-55-11.jpg,courmettes,0.6428
force-06_courmettes-212_2024-01-22T15-11-35.jpg,courmettes,0.6421
force-06_courmettes-160_2024-04-03T09-07-15.jpg,courmettes,0.6417
force-06_valbonne-138_2024-02-19T16-52-26.jpg,valbonne,0.6415
sdis-07_brison-200_2024-03-04T16-18-43.jpg,brison,0.6398
force-06_courmettes-160_2024-04-22T14-53-52.jpg,courmettes,0.6389
force-06_courmettes-160_2024-01-09T10-20-44.jpg,courmettes,0.6378
force-06_courmettes-212_2024-02-17T17-44-51.jpg,courmettes,0.6375
force-06_courmettes-160_2024-04-23T10-09-33.jpg,courmettes,0.6351
sdis-07_brison-110_2024-01-27T14-22-13.jpg,brison,0.6348
sdis-07_brison-110_2024-03-17T10-41-12.jpg,brison,0.6336
force-06_courmettes-160_2024-04-03T09-23-17.jpg,courmettes,0.6315
force-06_valbonne-223_2024-01-22T15-09-07.jpg,valbonne,0.6308
sdis-07_brison-200_2024-02-20T17-15-47.jpg,brison,0.6308
force-06_courmettes-160_2024-01-09T10-19-47.jpg,courmettes,0.6297
force-06_courmettes-160_2024-04-26T11-26-18.jpg,courmettes,0.6291
sdis-07_brison-290_2024-03-14T14-50-23.jpg,brison,0.6288
force-06_valbonne-349_2024-01-09T09-21-22.jpg,valbonne,0.6286
sdis-07_brison-200_2024-03-17T17-02-57.jpg,brison,0.6283
sdis-07_brison-110_2024-03-28T10-34-58.jpg,brison,0.627
force-06_courmettes-80_2024-01-10T11-05-10.jpg,courmettes,0.6267
sdis-07_brison-290_2024-02-03T14-31-44.jpg,brison,0.6267
sdis-07_brison-290_2024-02-03T14-58-04.jpg,brison,0.6265
sdis-07_brison-110_2024-03-08T10-31-00.jpg,brison,0.626
force-06_valbonne-349_2024-02-17T17-48-23.jpg,valbonne,0.6254
force-06_courmettes-275_2024-01-29T17-38-13.jpg,courmettes,0.6248
sdis-07_brison-200_2024-01-26T15-17-37.jpg,brison,0.6244
sdis-07_brison-290_2024-01-05T09-00-01.jpg,brison,0.6244
force-06_courmettes-212_2024-01-25T13-51-11.jpg,courmettes,0.6243
force-06_valbonne-349_2024-04-04T17-56-17.jpg,valbonne,0.6241
force-06_courmettes-160_2024-04-03T09-05-21.jpg,courmettes,0.6237
sdis-07_brison-20_2024-03-21T08-06-50.jpg,brison,0.6221
sdis-07_brison-20_2024-03-21T08-06-45.jpg,brison,0.6221
force-06_courmettes-212_2024-02-24T16-45-51.jpg,courmettes,0.6199
sdis-07_brison-200_2024-03-17T12-42-26.jpg,brison,0.6192
force-06_courmettes-80_2024-02-24T09-29-37.jpg,courmettes,0.6173
force-06_courmettes-275_2024-02-09T17-13-41.jpg,courmettes,0.6171
force-06_courmettes-160_2024-01-31T08-44-43.jpg,courmettes,0.6159
force-06_valbonne-138_2024-01-06T17-34-14.jpg,valbonne,0.6157
force-06_courmettes-160_2024-04-03T09-20-16.jpg,courmettes,0.6155
force-06_courmettes-275_2024-01-10T10-49-51.jpg,courmettes,0.6145
force-06_courmettes-212_2024-01-14T14-16-25.jpg,courmettes,0.6142
sdis-77_croix-augas-316_2024-08-19T16-08-30.jpg,croix-augas,0.6139
force-06_courmettes-160_2024-04-20T18-16-13.jpg,courmettes,0.6137
sdis-07_brison-200_2024-01-21T13-00-50.jpg,brison,0.6134
force-06_courmettes-212_2024-01-24T14-31-19.jpg,courmettes,0.6126
sdis-07_brison-20_2024-02-12T15-34-55.jpg,brison,0.6126
sdis-07_brison-200_2024-01-24T09-34-55.jpg,brison,0.6122
force-06_courmettes-160_2024-04-03T09-17-46.jpg,courmettes,0.6121
sdis-07_brison-200_2024-01-22T14-27-41.jpg,brison,0.6118
force-06_valbonne-349_2024-04-04T17-57-17.jpg,valbonne,0.6118
sdis-07_brison-110_2024-03-28T11-28-59.jpg,brison,0.6111
force-06_courmettes-160_2024-02-18T10-53-00.jpg,courmettes,0.6104
sdis-07_brison-200_2024-01-24T14-43-33.jpg,brison,0.6104
force-06_courmettes-160_2024-02-16T08-41-33.jpg,courmettes,0.6103
force-06_valbonne-138_2024-01-02T10-41-31.jpg,valbonne,0.6096
force-06_courmettes-275_2024-09-17T18-43-49.jpg,courmettes,0.6082
sdis-07_brison-110_2024-01-27T14-45-55.jpg,brison,0.6079
sdis-07_brison-110_2024-02-24T15-11-23.jpg,brison,0.6079
force-06_courmettes-212_2024-09-17T18-36-18.jpg,courmettes,0.6072
force-06_courmettes-160_2024-04-23T09-15-31.jpg,courmettes,0.6069
force-06_courmettes-160_2024-04-03T09-18-16.jpg,courmettes,0.6065
force-06_courmettes-160_2024-04-03T09-18-28.jpg,courmettes,0.6065
force-06_courmettes-160_2024-04-03T09-18-31.jpg,courmettes,0.6065
force-06_courmettes-160_2024-01-27T09-55-57.jpg,courmettes,0.6053
force-06_courmettes-160_2024-06-20T10-44-00.jpg,courmettes,0.6051
force-06_courmettes-160_2024-06-22T18-18-55.jpg,courmettes,0.605
sdis-77_croix-augas-59_2024-08-08T08-41-48.jpg,croix-augas,0.605
force-06_courmettes-160_2024-04-20T18-16-42.jpg,courmettes,0.6049
force-06_courmettes-160_2024-04-20T18-59-15.jpg,courmettes,0.6039
sdis-07_brison-110_2024-09-05T14-58-55.jpg,brison,0.6039
force-06_courmettes-275_2024-04-20T19-47-19.jpg,courmettes,0.6038
force-06_courmettes-212_2024-01-25T14-24-12.jpg,courmettes,0.6036
force-06_courmettes-160_2024-01-19T11-33-37.jpg,courmettes,0.6023
force-06_valbonne-349_2024-01-23T12-16-00.jpg,valbonne,0.6013
force-06_courmettes-160_2024-01-06T10-24-52.jpg,courmettes,0.6012
sdis-07_brison-290_2024-01-31T15-07-04.jpg,brison,0.6009
force-06_courmettes-160_2024-01-27T10-57-58.jpg,courmettes,0.6007
force-06_courmettes-160_2024-01-29T13-58-59.jpg,courmettes,0.6005
sdis-77_croix-augas-59_2024-07-25T11-07-42.jpg,croix-augas,0.6002
sdis-07_brison-200_2024-03-19T09-32-56.jpg,brison,0.6002
force-06_courmettes-212_2024-02-28T13-20-57.jpg,courmettes,0.599
force-06_courmettes-275_2024-04-27T19-26-00.jpg,courmettes,0.5988
force-06_courmettes-275_2024-02-12T14-11-48.jpg,courmettes,0.5984
sdis-07_brison-290_2024-03-08T08-23-02.jpg,brison,0.5982
sdis-07_brison-200_2024-01-21T13-00-27.jpg,brison,0.5973
sdis-07_brison-200_2024-03-14T09-35-03.jpg,brison,0.5972
force-06_courmettes-275_2024-04-20T19-44-42.jpg,courmettes,0.5969
force-06_courmettes-275_2024-04-20T19-44-31.jpg,courmettes,0.5969
sdis-77_croix-augas-161_2024-08-08T12-22-50.jpg,croix-augas,0.5962
force-06_courmettes-275_2024-04-27T10-05-42.jpg,courmettes,0.596
force-06_courmettes-160_2024-01-31T08-44-16.jpg,courmettes,0.5949
force-06_courmettes-160_2024-01-31T08-44-19.jpg,courmettes,0.5949
force-06_courmettes-275_2024-01-29T16-01-31.jpg,courmettes,0.5945
sdis-07_brison-200_2024-02-20T15-54-37.jpg,brison,0.5942
force-06_courmettes-80_2024-02-24T08-39-28.jpg,courmettes,0.5939
sdis-07_brison-20_2024-01-09T10-46-39.jpg,brison,0.5932
force-06_courmettes-160_2024-02-16T08-42-04.jpg,courmettes,0.5929
force-06_courmettes-275_2024-04-20T19-47-14.jpg,courmettes,0.5926
sdis-07_brison-110_2024-01-27T14-21-43.jpg,brison,0.5917
force-06_courmettes-160_2024-04-26T11-26-48.jpg,courmettes,0.5916
force-06_courmettes-275_2024-01-25T12-53-42.jpg,courmettes,0.5916
force-06_courmettes-160_2024-04-23T09-32-40.jpg,courmettes,0.5914
sdis-07_brison-200_2024-02-29T13-31-03.jpg,brison,0.5903
force-06_courmettes-275_2024-01-26T15-11-43.jpg,courmettes,0.5898
sdis-07_brison-110_2024-03-28T10-47-17.jpg,brison,0.5891
force-06_courmettes-275_2024-01-29T16-01-09.jpg,courmettes,0.5886
sdis-07_brison-110_2024-02-05T09-13-40.jpg,brison,0.5875
force-06_courmettes-275_2024-04-08T19-25-41.jpg,courmettes,0.5874
force-06_courmettes-160_2024-04-10T18-08-48.jpg,courmettes,0.5864
force-06_courmettes-212_2024-01-25T13-54-12.jpg,courmettes,0.5859
force-06_courmettes-212_2024-01-25T14-23-42.jpg,courmettes,0.5858
force-06_courmettes-212_2024-01-16T13-45-47.jpg,courmettes,0.5856
force-06_valbonne-349_2024-04-04T18-03-48.jpg,valbonne,0.585
force-06_courmettes-160_2024-04-23T09-17-30.jpg,courmettes,0.5847
sdis-07_brison-200_2024-03-17T12-42-19.jpg,brison,0.5836
sdis-77_croix-augas-8_2024-07-12T21-10-22.jpg,croix-augas,0.5833
force-06_courmettes-160_2024-01-09T09-38-12.jpg,courmettes,0.583
force-06_valbonne-67_2024-06-25T08-58-54.jpg,valbonne,0.5821
sdis-07_brison-290_2024-03-05T16-58-27.jpg,brison,0.5817
force-06_courmettes-160_2024-04-26T10-51-30.jpg,courmettes,0.5811
sdis-07_brison-200_2024-03-19T09-33-33.jpg,brison,0.5806
sdis-07_brison-110_2024-03-28T10-24-58.jpg,brison,0.5805
force-06_valbonne-349_2024-01-11T17-10-39.jpg,valbonne,0.5802
sdis-07_brison-20_2024-02-24T17-14-20.jpg,brison,0.5797
force-06_courmettes-160_2024-01-31T08-46-14.jpg,courmettes,0.5788
force-06_courmettes-275_2024-02-04T10-21-11.jpg,courmettes,0.5777
sdis-07_brison-20_2024-02-24T17-13-41.jpg,brison,0.577
sdis-07_brison-200_2024-02-02T14-41-14.jpg,brison,0.5767
force-06_courmettes-160_2024-04-26T10-51-51.jpg,courmettes,0.5757
force-06_courmettes-160_2024-04-26T10-51-55.jpg,courmettes,0.5757
force-06_courmettes-275_2024-04-08T19-35-40.jpg,courmettes,0.5743
force-06_courmettes-160_2024-01-02T12-11-58.jpg,courmettes,0.5726
force-06_courmettes-160_2024-01-11T11-12-08.jpg,courmettes,0.5712
force-06_courmettes-212_2024-01-25T14-26-12.jpg,courmettes,0.571
force-06_courmettes-80_2024-02-01T12-22-47.jpg,courmettes,0.5703
force-06_courmettes-160_2024-06-01T08-58-00.jpg,courmettes,0.5702
sdis-07_brison-110_2024-03-28T10-35-16.jpg,brison,0.5692
sdis-07_brison-110_2024-03-28T10-35-25.jpg,brison,0.5692
force-06_courmettes-275_2024-04-27T19-24-31.jpg,courmettes,0.5687
force-06_courmettes-160_2024-01-20T09-42-51.jpg,courmettes,0.568
force-06_valbonne-349_2024-04-04T17-51-47.jpg,valbonne,0.5675
sdis-07_brison-290_2024-03-08T08-17-14.jpg,brison,0.5674
force-06_valbonne-349_2024-01-23T13-57-33.jpg,valbonne,0.5669
force-06_courmettes-160_2024-01-09T10-16-14.jpg,courmettes,0.5664
force-06_courmettes-160_2024-02-18T10-55-00.jpg,courmettes,0.5664
sdis-07_brison-290_2024-03-14T14-47-49.jpg,brison,0.5655
sdis-07_brison-110_2024-02-29T09-42-56.jpg,brison,0.5653
force-06_courmettes-275_2024-04-20T19-47-31.jpg,courmettes,0.5636
force-06_courmettes-212_2024-01-28T13-59-41.jpg,courmettes,0.5635
sdis-07_brison-110_2024-03-28T10-29-08.jpg,brison,0.5627
force-06_valbonne-349_2024-01-24T09-19-25.jpg,valbonne,0.5618
force-06_valbonne-138_2024-01-12T11-56-12.jpg,valbonne,0.5617
force-06_valbonne-138_2024-02-22T17-23-57.jpg,valbonne,0.5615
sdis-07_brison-20_2024-02-12T08-56-36.jpg,brison,0.5613
sdis-77_croix-augas-265_2024-08-21T12-00-42.jpg,croix-augas,0.561
sdis-77_croix-augas-265_2024-08-21T12-00-30.jpg,croix-augas,0.561
force-06_courmettes-212_2024-02-17T17-17-27.jpg,courmettes,0.5608
force-06_courmettes-160_2024-04-06T12-36-36.jpg,courmettes,0.56
force-06_courmettes-212_2024-01-15T13-29-21.jpg,courmettes,0.5598
force-06_courmettes-80_2024-02-24T09-31-00.jpg,courmettes,0.5596
sdis-07_brison-200_2024-01-04T15-31-51.jpg,brison,0.5583
force-06_courmettes-212_2024-01-15T13-28-49.jpg,courmettes,0.5582
force-06_courmettes-80_2024-01-10T09-58-11.jpg,courmettes,0.5581
force-06_courmettes-160_2024-02-27T13-52-29.jpg,courmettes,0.558
sdis-07_brison-20_2024-03-08T10-52-10.jpg,brison,0.5573
force-06_courmettes-160_2024-01-09T15-59-26.jpg,courmettes,0.5567
force-06_courmettes-160_2024-01-02T12-11-07.jpg,courmettes,0.5562
sdis-07_brison-20_2024-02-12T10-28-45.jpg,brison,0.5555
force-06_courmettes-212_2024-01-22T15-28-27.jpg,courmettes,0.5553
force-06_courmettes-212_2024-01-22T15-28-31.jpg,courmettes,0.5553
force-06_courmettes-275_2024-02-28T13-24-33.jpg,courmettes,0.555
sdis-07_brison-110_2024-02-17T11-12-27.jpg,brison,0.5535
sdis-07_brison-200_2024-02-29T14-19-04.jpg,brison,0.5516
sdis-07_brison-200_2024-03-19T09-34-19.jpg,brison,0.5511
force-06_courmettes-160_2024-01-31T09-38-15.jpg,courmettes,0.5497
force-06_courmettes-160_2024-04-20T17-57-27.jpg,courmettes,0.5489
sdis-07_brison-200_2024-02-05T16-29-16.jpg,brison,0.5484
force-06_courmettes-212_2024-01-25T14-22-43.jpg,courmettes,0.548
force-06_courmettes-160_2024-06-01T08-55-19.jpg,courmettes,0.5479
force-06_courmettes-275_2024-01-29T17-38-43.jpg,courmettes,0.5476
force-06_courmettes-212_2024-02-16T14-59-49.jpg,courmettes,0.5471
sdis-07_brison-200_2024-02-19T12-25-30.jpg,brison,0.5471
sdis-07_brison-110_2024-01-24T10-57-21.jpg,brison,0.5467
force-06_valbonne-138_2024-01-12T11-57-43.jpg,valbonne,0.546
sdis-07_brison-200_2024-01-26T15-24-44.jpg,brison,0.5451
sdis-07_brison-200_2024-02-07T16-08-59.jpg,brison,0.5451
sdis-07_brison-110_2024-03-17T12-23-45.jpg,brison,0.545
sdis-07_brison-110_2024-01-28T09-16-07.jpg,brison,0.5441
force-06_courmettes-160_2024-04-08T09-48-48.jpg,courmettes,0.544
force-06_valbonne-138_2024-01-12T11-54-12.jpg,valbonne,0.5439
force-06_courmettes-212_2024-01-14T14-16-56.jpg,courmettes,0.5427
force-06_courmettes-212_2024-04-08T19-26-55.jpg,courmettes,0.5423
sdis-07_brison-200_2024-03-17T17-02-50.jpg,brison,0.5423
sdis-77_croix-augas-161_2024-07-10T07-59-03.jpg,croix-augas,0.5409
sdis-07_brison-290_2024-03-14T14-49-55.jpg,brison,0.5404
force-06_courmettes-275_2024-04-09T14-38-30.jpg,courmettes,0.5398
force-06_valbonne-138_2024-02-22T17-22-29.jpg,valbonne,0.5397
sdis-07_brison-110_2024-02-29T09-42-23.jpg,brison,0.5394
force-06_courmettes-212_2024-02-16T14-56-19.jpg,courmettes,0.5393
sdis-07_brison-200_2024-02-02T14-40-43.jpg,brison,0.5392
sdis-07_brison-200_2024-02-29T12-44-55.jpg,brison,0.539
force-06_courmettes-160_2024-02-16T08-36-50.jpg,courmettes,0.5389
force-06_courmettes-275_2024-04-20T19-44-14.jpg,courmettes,0.5387
sdis-07_brison-110_2024-03-28T11-28-32.jpg,brison,0.5386
sdis-07_brison-20_2024-01-31T09-41-37.jpg,brison,0.5382
force-06_valbonne-349_2024-01-23T13-59-04.jpg,valbonne,0.5381
sdis-07_brison-110_2024-01-28T09-15-07.jpg,brison,0.5379
force-06_courmettes-275_2024-02-04T10-23-42.jpg,courmettes,0.5376
sdis-07_brison-200_2024-01-20T16-52-42.jpg,brison,0.5364
sdis-07_brison-290_2024-02-03T17-39-19.jpg,brison,0.5363
force-06_courmettes-160_2024-04-08T09-18-49.jpg,courmettes,0.5363
sdis-07_brison-20_2024-02-29T18-24-26.jpg,brison,0.5363
force-06_courmettes-160_2024-02-12T10-25-13.jpg,courmettes,0.5358
force-06_valbonne-138_2024-02-27T16-56-53.jpg,valbonne,0.5356
force-06_courmettes-275_2024-02-12T14-11-30.jpg,courmettes,0.5355
force-06_valbonne-67_2024-02-01T15-53-31.jpg,valbonne,0.5352
force-06_courmettes-212_2024-02-07T09-07-37.jpg,courmettes,0.5348
force-06_courmettes-160_2024-04-08T09-48-17.jpg,courmettes,0.5347
force-06_courmettes-275_2024-01-29T17-36-14.jpg,courmettes,0.5339
sdis-07_brison-20_2024-03-08T10-58-57.jpg,brison,0.5332
force-06_courmettes-212_2024-02-16T15-21-20.jpg,courmettes,0.5322
force-06_courmettes-212_2024-02-16T14-56-21.jpg,courmettes,0.5322
sdis-07_brison-110_2024-02-21T14-36-55.jpg,brison,0.5321
force-06_courmettes-160_2024-06-22T18-09-32.jpg,courmettes,0.5317
force-06_courmettes-212_2024-06-23T19-27-09.jpg,courmettes,0.5314
force-06_courmettes-212_2024-02-05T11-07-37.jpg,courmettes,0.5312
force-06_courmettes-160_2024-04-23T09-27-37.jpg,courmettes,0.5295
force-06_courmettes-275_2024-01-29T16-01-45.jpg,courmettes,0.5293
sdis-07_brison-290_2024-02-03T14-54-06.jpg,brison,0.5272
force-06_courmettes-80_2024-01-10T11-44-12.jpg,courmettes,0.5254
force-06_courmettes-275_2024-02-08T16-58-43.jpg,courmettes,0.525
sdis-07_brison-290_2024-02-03T17-40-10.jpg,brison,0.5245
force-06_courmettes-275_2024-01-29T17-35-43.jpg,courmettes,0.5245
force-06_valbonne-349_2024-04-04T18-05-47.jpg,valbonne,0.5242
force-06_valbonne-138_2024-01-13T17-24-49.jpg,valbonne,0.5234
sdis-07_brison-200_2024-02-20T17-15-10.jpg,brison,0.5216
force-06_valbonne-349_2024-01-23T13-58-33.jpg,valbonne,0.5214
force-06_valbonne-138_2024-01-31T16-23-02.jpg,valbonne,0.5212
force-06_valbonne-349_2024-04-04T17-57-47.jpg,valbonne,0.5203
sdis-07_brison-290_2024-02-03T17-39-12.jpg,brison,0.5202
force-06_courmettes-160_2024-04-23T09-27-31.jpg,courmettes,0.5201
force-06_valbonne-67_2024-01-15T10-22-05.jpg,valbonne,0.5171
sdis-07_brison-110_2024-03-28T11-25-33.jpg,brison,0.5168
force-06_courmettes-80_2024-01-10T10-28-09.jpg,courmettes,0.5165
force-06_courmettes-212_2024-01-04T17-16-47.jpg,courmettes,0.5163
force-06_courmettes-212_2024-02-16T14-49-52.jpg,courmettes,0.5157
sdis-07_brison-200_2024-01-04T15-31-27.jpg,brison,0.5148
force-06_courmettes-160_2024-01-09T09-48-43.jpg,courmettes,0.5147
force-06_courmettes-160_2024-04-03T09-37-46.jpg,courmettes,0.5145
force-06_courmettes-160_2024-02-16T08-36-48.jpg,courmettes,0.5144
force-06_courmettes-212_2024-02-12T14-35-59.jpg,courmettes,0.5137
sdis-07_brison-110_2024-01-28T09-15-37.jpg,brison,0.5137
force-06_courmettes-212_2024-01-22T15-23-03.jpg,courmettes,0.5132
force-06_courmettes-212_2024-01-22T14-32-32.jpg,courmettes,0.513
sdis-07_brison-200_2024-02-02T14-37-21.jpg,brison,0.5127
sdis-07_brison-290_2024-01-05T10-18-40.jpg,brison,0.5124
force-06_courmettes-212_2024-04-08T19-29-37.jpg,courmettes,0.5121
force-06_courmettes-275_2024-04-27T19-40-30.jpg,courmettes,0.5121
sdis-77_croix-augas-8_2024-07-09T18-31-14.jpg,croix-augas,0.51
force-06_courmettes-160_2024-01-31T08-45-14.jpg,courmettes,0.51
force-06_courmettes-160_2024-04-03T09-00-16.jpg,courmettes,0.5089
sdis-07_brison-290_2024-02-03T14-55-24.jpg,brison,0.5088
force-06_valbonne-67_2024-02-02T08-49-36.jpg,valbonne,0.5086
force-06_courmettes-212_2024-01-25T14-22-12.jpg,courmettes,0.5086
force-06_courmettes-275_2024-01-21T13-18-27.jpg,courmettes,0.5077
force-06_courmettes-212_2024-02-16T15-04-19.jpg,courmettes,0.5075
sdis-07_brison-200_2024-02-01T16-55-56.jpg,brison,0.5075
sdis-07_brison-20_2024-02-24T17-15-11.jpg,brison,0.507
force-06_courmettes-160_2024-01-27T10-45-36.jpg,courmettes,0.5069
sdis-07_brison-110_2024-02-29T09-42-49.jpg,brison,0.5061
force-06_valbonne-223_2024-01-22T15-08-37.jpg,valbonne,0.5059
force-06_courmettes-160_2024-02-16T08-39-04.jpg,courmettes,0.5057
sdis-07_brison-20_2024-02-12T09-14-28.jpg,brison,0.5055
force-06_courmettes-160_2024-04-20T16-54-55.jpg,courmettes,0.5054
force-06_courmettes-160_2024-01-28T10-28-24.jpg,courmettes,0.5053
force-06_courmettes-212_2024-01-25T13-54-41.jpg,courmettes,0.5039
force-06_courmettes-212_2024-02-05T10-15-05.jpg,courmettes,0.5034
force-06_courmettes-160_2024-04-03T09-37-13.jpg,courmettes,0.5028
sdis-07_brison-200_2024-02-05T16-24-46.jpg,brison,0.5023
force-06_courmettes-212_2024-09-17T18-29-15.jpg,courmettes,0.5009
force-06_courmettes-212_2024-01-22T15-11-18.jpg,courmettes,0.5008
force-06_courmettes-160_2024-02-19T10-34-25.jpg,courmettes,0.5004
sdis-07_brison-200_2024-01-25T17-12-17.jpg,brison,0.4995
force-06_courmettes-80_2024-02-01T12-22-45.jpg,courmettes,0.4991
sdis-07_brison-200_2024-01-26T15-18-07.jpg,brison,0.4986
force-06_courmettes-80_2024-02-24T09-32-30.jpg,courmettes,0.4975
force-06_courmettes-160_2024-01-31T09-44-45.jpg,courmettes,0.4973
force-06_courmettes-160_2024-04-03T09-57-19.jpg,courmettes,0.4968
force-06_courmettes-160_2024-04-08T09-51-48.jpg,courmettes,0.4965
force-06_valbonne-349_2024-02-04T16-36-35.jpg,valbonne,0.4958
force-06_courmettes-160_2024-02-18T10-35-32.jpg,courmettes,0.4958
sdis-07_brison-290_2024-03-02T08-42-06.jpg,brison,0.4957
force-06_courmettes-80_2024-01-10T10-28-39.jpg,courmettes,0.4957
force-06_courmettes-160_2024-04-03T09-55-35.jpg,courmettes,0.4955
force-06_courmettes-212_2024-01-12T12-28-40.jpg,courmettes,0.4944
force-06_courmettes-160_2024-04-20T18-58-58.jpg,courmettes,0.4944
force-06_courmettes-212_2024-01-12T11-57-02.jpg,courmettes,0.494
sdis-07_brison-110_2024-08-17T08-54-28.jpg,brison,0.4936
force-06_courmettes-160_2024-04-03T09-58-47.jpg,courmettes,0.4933
force-06_courmettes-212_2024-01-25T14-21-42.jpg,courmettes,0.4933
sdis-07_brison-200_2024-03-07T15-21-55.jpg,brison,0.4932
force-06_courmettes-212_2024-01-12T12-44-42.jpg,courmettes,0.4927
force-06_courmettes-160_2024-01-11T11-06-07.jpg,courmettes,0.4917
force-06_courmettes-160_2024-04-26T09-19-12.jpg,courmettes,0.4902
force-06_courmettes-160_2024-01-11T11-08-38.jpg,courmettes,0.4893
force-06_courmettes-212_2024-02-05T09-35-34.jpg,courmettes,0.4888
sdis-77_croix-augas-59_2024-07-06T10-04-55.jpg,croix-augas,0.4886
force-06_courmettes-160_2024-04-08T09-49-17.jpg,courmettes,0.4878
force-06_courmettes-160_2024-04-08T09-43-33.jpg,courmettes,0.4877
force-06_courmettes-160_2024-04-22T14-40-21.jpg,courmettes,0.4877
force-06_courmettes-160_2024-04-26T11-07-18.jpg,courmettes,0.4874
force-06_courmettes-212_2024-01-12T09-30-58.jpg,courmettes,0.4873
sdis-07_brison-290_2024-01-05T10-18-16.jpg,brison,0.4871
force-06_valbonne-349_2024-04-04T18-06-17.jpg,valbonne,0.487
force-06_valbonne-349_2024-01-24T09-19-55.jpg,valbonne,0.4867
force-06_courmettes-160_2024-01-09T09-37-42.jpg,courmettes,0.4862
force-06_courmettes-212_2024-04-27T10-05-09.jpg,courmettes,0.4861
force-06_courmettes-160_2024-02-19T12-07-58.jpg,courmettes,0.4853
sdis-07_brison-200_2024-03-02T11-18-01.jpg,brison,0.4852
sdis-07_brison-200_2024-03-02T11-18-08.jpg,brison,0.4852
sdis-07_brison-20_2024-01-12T16-18-34.jpg,brison,0.4852
sdis-07_brison-20_2024-01-12T10-47-47.jpg,brison,0.485
force-06_courmettes-275_2024-01-29T17-37-45.jpg,courmettes,0.4848
sdis-07_brison-20_2024-02-05T16-53-17.jpg,brison,0.4848
sdis-07_brison-110_2024-03-28T09-16-00.jpg,brison,0.4847
force-06_valbonne-349_2024-01-23T12-15-30.jpg,valbonne,0.4846
sdis-77_croix-augas-8_2024-07-17T19-42-04.jpg,croix-augas,0.4842
sdis-07_brison-290_2024-01-26T10-40-12.jpg,brison,0.4837
sdis-07_brison-110_2024-01-03T10-31-44.jpg,brison,0.4835
sdis-07_brison-110_2024-01-03T10-32-19.jpg,brison,0.4835
sdis-07_brison-110_2024-01-26T11-27-23.jpg,brison,0.4835
force-06_courmettes-160_2024-02-12T10-01-13.jpg,courmettes,0.4831
sdis-07_brison-290_2024-03-08T08-08-22.jpg,brison,0.4828
sdis-07_brison-110_2024-01-24T10-56-51.jpg,brison,0.4828
force-06_courmettes-212_2024-02-16T14-46-13.jpg,courmettes,0.4825
force-06_courmettes-212_2024-02-28T13-25-27.jpg,courmettes,0.4822
force-06_valbonne-349_2024-02-17T17-50-23.jpg,valbonne,0.4806
sdis-07_brison-110_2024-03-28T11-25-00.jpg,brison,0.4799
force-06_courmettes-80_2024-02-24T08-40-58.jpg,courmettes,0.4776
sdis-07_brison-200_2024-01-23T17-24-18.jpg,brison,0.4766
force-06_valbonne-138_2024-01-12T11-58-13.jpg,valbonne,0.4765
force-06_courmettes-160_2024-02-16T08-37-34.jpg,courmettes,0.4757
force-06_courmettes-160_2024-02-27T13-54-30.jpg,courmettes,0.4756
force-06_courmettes-160_2024-01-02T12-11-29.jpg,courmettes,0.4747
force-06_courmettes-160_2024-04-06T12-36-24.jpg,courmettes,0.4742
force-06_courmettes-160_2024-01-09T10-15-21.jpg,courmettes,0.4738
force-06_courmettes-212_2024-01-22T15-51-57.jpg,courmettes,0.4738
force-06_courmettes-160_2024-04-23T10-14-32.jpg,courmettes,0.4736
force-06_courmettes-275_2024-04-08T19-26-47.jpg,courmettes,0.4731
force-06_valbonne-349_2024-01-23T13-59-34.jpg,valbonne,0.4729
force-06_courmettes-275_2024-09-17T19-34-06.jpg,courmettes,0.4728
force-06_courmettes-212_2024-01-25T14-20-15.jpg,courmettes,0.4728
sdis-77_croix-augas-8_2024-07-12T21-17-52.jpg,croix-augas,0.4724
force-06_courmettes-160_2024-01-31T08-47-13.jpg,courmettes,0.4712
force-06_valbonne-349_2024-04-04T17-56-47.jpg,valbonne,0.4711
force-06_courmettes-212_2024-02-07T09-09-08.jpg,courmettes,0.4707
force-06_courmettes-160_2024-04-26T09-12-14.jpg,courmettes,0.4706
force-06_courmettes-212_2024-04-20T19-40-18.jpg,courmettes,0.4697
force-06_courmettes-212_2024-01-12T09-20-00.jpg,courmettes,0.4692
force-06_courmettes-160_2024-06-07T09-31-31.jpg,courmettes,0.4688
sdis-07_brison-110_2024-03-27T12-56-43.jpg,brison,0.4684
force-06_valbonne-138_2024-01-12T11-45-45.jpg,valbonne,0.4673
force-06_valbonne-138_2024-04-23T09-46-44.jpg,valbonne,0.4671
sdis-07_brison-200_2024-02-02T14-38-13.jpg,brison,0.4671
sdis-07_brison-200_2024-03-17T12-42-12.jpg,brison,0.467
force-06_courmettes-160_2024-04-03T09-55-47.jpg,courmettes,0.4668
force-06_courmettes-80_2024-02-24T09-28-00.jpg,courmettes,0.466
sdis-07_brison-20_2024-02-24T17-14-04.jpg,brison,0.4654
force-06_valbonne-138_2024-02-27T16-53-02.jpg,valbonne,0.4651
sdis-07_brison-200_2024-02-29T13-18-33.jpg,brison,0.465
sdis-07_brison-200_2024-01-25T16-10-17.jpg,brison,0.4649
force-06_courmettes-212_2024-01-24T15-09-20.jpg,courmettes,0.4647
sdis-07_brison-20_2024-02-12T08-56-43.jpg,brison,0.4642
force-06_valbonne-223_2024-01-12T11-42-07.jpg,valbonne,0.4628
sdis-07_brison-200_2024-02-29T13-30-03.jpg,brison,0.4624
sdis-07_brison-110_2024-01-28T09-07-07.jpg,brison,0.4615
force-06_courmettes-160_2024-04-23T09-32-38.jpg,courmettes,0.4611
force-06_courmettes-212_2024-01-14T16-10-30.jpg,courmettes,0.461
sdis-07_brison-200_2024-02-20T17-14-40.jpg,brison,0.4607
sdis-07_brison-290_2024-01-31T15-22-25.jpg,brison,0.4601
sdis-77_croix-augas-161_2024-07-01T08-02-08.jpg,croix-augas,0.4597
force-06_courmettes-212_2024-02-24T16-39-20.jpg,courmettes,0.4596
sdis-07_brison-20_2024-02-24T17-44-20.jpg,brison,0.4594
force-06_valbonne-223_2024-01-22T15-08-07.jpg,valbonne,0.4593
sdis-07_brison-110_2024-01-28T09-07-37.jpg,brison,0.4583
force-06_courmettes-160_2024-01-16T09-21-38.jpg,courmettes,0.4581
force-06_courmettes-160_2024-04-03T09-37-22.jpg,courmettes,0.458
force-06_courmettes-160_2024-04-26T11-03-48.jpg,courmettes,0.4575
force-06_courmettes-160_2024-01-19T11-34-30.jpg,courmettes,0.4573
force-06_courmettes-160_2024-04-10T18-10-18.jpg,courmettes,0.4569
force-06_courmettes-160_2024-01-27T10-45-56.jpg,courmettes,0.456
sdis-07_brison-200_2024-02-02T14-40-13.jpg,brison,0.4558
force-06_courmettes-212_2024-01-25T14-29-18.jpg,courmettes,0.4555
force-06_courmettes-212_2024-01-21T14-25-59.jpg,courmettes,0.4555
force-06_courmettes-275_2024-04-08T19-23-10.jpg,courmettes,0.4552
force-06_valbonne-67_2024-02-02T08-49-27.jpg,valbonne,0.4546
sdis-07_brison-20_2024-02-12T16-31-41.jpg,brison,0.4537
force-06_courmettes-160_2024-01-27T09-55-55.jpg,courmettes,0.4537
force-06_courmettes-160_2024-01-06T10-26-22.jpg,courmettes,0.4536
sdis-07_brison-200_2024-02-14T15-35-02.jpg,brison,0.4533
sdis-07_brison-200_2024-01-25T17-34-48.jpg,brison,0.4527
sdis-77_croix-augas-220_2024-07-28T19-14-39.jpg,croix-augas,0.4522
force-06_courmettes-212_2024-04-08T19-31-07.jpg,courmettes,0.4514
force-06_courmettes-212_2024-02-05T10-39-06.jpg,courmettes,0.451
force-06_courmettes-160_2024-02-16T08-41-03.jpg,courmettes,0.4508
force-06_courmettes-212_2024-02-16T14-57-50.jpg,courmettes,0.4503
sdis-07_brison-110_2024-03-28T10-29-17.jpg,brison,0.4501
force-06_valbonne-67_2024-02-05T16-00-24.jpg,valbonne,0.4501
sdis-07_brison-20_2024-01-31T14-45-07.jpg,brison,0.4495
sdis-77_croix-augas-110_2024-08-12T14-20-19.jpg,croix-augas,0.4493
sdis-07_brison-200_2024-01-23T16-23-22.jpg,brison,0.4485
sdis-07_brison-200_2024-01-23T16-23-17.jpg,brison,0.4485
force-06_valbonne-349_2024-02-04T16-29-35.jpg,valbonne,0.4479
force-06_courmettes-160_2024-02-16T08-41-06.jpg,courmettes,0.4477
force-06_valbonne-138_2024-02-22T17-21-28.jpg,valbonne,0.4477
force-06_valbonne-349_2024-01-23T14-07-04.jpg,valbonne,0.4471
force-06_courmettes-160_2024-01-11T11-08-42.jpg,courmettes,0.4469
sdis-07_brison-290_2024-02-03T17-40-38.jpg,brison,0.446
force-06_courmettes-80_2024-02-24T08-49-58.jpg,courmettes,0.4457
sdis-07_brison-110_2024-02-29T09-42-30.jpg,brison,0.445
sdis-07_brison-200_2024-02-20T17-16-06.jpg,brison,0.4448
force-06_courmettes-212_2024-01-22T15-27-27.jpg,courmettes,0.4444
force-06_courmettes-160_2024-01-04T10-57-01.jpg,courmettes,0.4442
force-06_courmettes-212_2024-02-01T09-04-44.jpg,courmettes,0.4442
force-06_courmettes-275_2024-02-04T10-22-41.jpg,courmettes,0.4436
sdis-07_brison-290_2024-01-10T10-02-17.jpg,brison,0.4429
force-06_courmettes-275_2024-02-12T14-04-59.jpg,courmettes,0.4424
force-06_valbonne-349_2024-01-09T09-19-54.jpg,valbonne,0.4423
sdis-77_croix-augas-161_2024-08-08T12-23-17.jpg,croix-augas,0.4402
force-06_courmettes-160_2024-01-09T10-21-14.jpg,courmettes,0.4399
force-06_valbonne-349_2024-02-04T16-41-05.jpg,valbonne,0.4398
force-06_valbonne-138_2024-01-12T11-45-44.jpg,valbonne,0.4398
force-06_courmettes-212_2024-01-24T14-24-16.jpg,courmettes,0.4395
force-06_courmettes-275_2024-02-12T14-04-57.jpg,courmettes,0.439
sdis-07_brison-200_2024-01-04T15-31-57.jpg,brison,0.4384
force-06_courmettes-212_2024-01-25T14-04-13.jpg,courmettes,0.4384
sdis-07_brison-290_2024-01-05T09-02-41.jpg,brison,0.438
force-06_courmettes-160_2024-04-26T11-28-18.jpg,courmettes,0.438
force-06_courmettes-160_2024-06-03T21-18-11.jpg,courmettes,0.4378
force-06_courmettes-160_2024-06-03T21-18-04.jpg,courmettes,0.4378
sdis-07_brison-20_2024-02-12T08-57-06.jpg,brison,0.4376
force-06_courmettes-275_2024-01-22T15-50-01.jpg,courmettes,0.4357
force-06_courmettes-160_2024-04-03T09-38-18.jpg,courmettes,0.4357
force-06_valbonne-349_2024-01-23T14-06-04.jpg,valbonne,0.4356
force-06_courmettes-212_2024-01-09T12-17-53.jpg,courmettes,0.4356
force-06_courmettes-160_2024-01-11T11-12-37.jpg,courmettes,0.435
force-06_courmettes-160_2024-02-18T10-54-30.jpg,courmettes,0.4346
sdis-77_croix-augas-265_2024-08-21T12-02-43.jpg,croix-augas,0.4342
sdis-07_brison-200_2024-01-04T15-32-03.jpg,brison,0.4341
force-06_courmettes-212_2024-01-12T12-45-13.jpg,courmettes,0.4336
sdis-07_brison-110_2024-02-05T09-02-03.jpg,brison,0.4333
force-06_valbonne-67_2024-02-07T09-39-24.jpg,valbonne,0.4332
force-06_courmettes-212_2024-01-22T15-40-48.jpg,courmettes,0.4328
sdis-77_croix-augas-59_2024-09-11T16-02-03.jpg,croix-augas,0.4327
sdis-07_brison-110_2024-03-28T13-03-29.jpg,brison,0.4326
force-06_courmettes-80_2024-02-24T09-34-00.jpg,courmettes,0.4323
sdis-07_brison-200_2024-01-25T17-25-25.jpg,brison,0.4323
sdis-07_brison-110_2024-02-12T09-01-40.jpg,brison,0.4317
force-06_courmettes-275_2024-04-27T19-25-10.jpg,courmettes,0.4316
sdis-07_brison-290_2024-02-03T15-02-38.jpg,brison,0.4309
force-06_courmettes-80_2024-02-24T09-32-00.jpg,courmettes,0.4307
sdis-07_brison-110_2024-02-21T15-47-44.jpg,brison,0.4306
force-06_courmettes-160_2024-01-02T11-01-27.jpg,courmettes,0.4299
force-06_courmettes-80_2024-02-24T09-33-00.jpg,courmettes,0.4299
sdis-07_brison-200_2024-03-04T16-18-06.jpg,brison,0.4297
force-06_valbonne-349_2024-02-04T16-40-05.jpg,valbonne,0.4296
sdis-07_brison-290_2024-01-05T10-18-14.jpg,brison,0.4295
sdis-07_brison-200_2024-03-19T09-17-26.jpg,brison,0.4294
force-06_courmettes-212_2024-02-07T09-07-24.jpg,courmettes,0.4293
sdis-07_brison-20_2024-01-18T10-26-04.jpg,brison,0.4292
force-06_courmettes-160_2024-04-23T10-01-41.jpg,courmettes,0.4292
sdis-07_brison-200_2024-01-24T14-43-26.jpg,brison,0.4285
force-06_courmettes-160_2024-02-16T08-37-06.jpg,courmettes,0.4277
sdis-07_brison-200_2024-02-03T14-24-07.jpg,brison,0.4275
force-06_courmettes-160_2024-04-03T08-59-46.jpg,courmettes,0.4275
sdis-77_croix-augas-59_2024-07-25T11-08-08.jpg,croix-augas,0.4273
force-06_courmettes-275_2024-01-22T15-11-32.jpg,courmettes,0.4273
sdis-07_brison-110_2024-02-24T11-54-14.jpg,brison,0.4268
force-06_courmettes-212_2024-02-15T13-42-57.jpg,courmettes,0.4263
sdis-07_brison-200_2024-02-20T17-14-33.jpg,brison,0.426
force-06_courmettes-160_2024-04-20T18-50-43.jpg,courmettes,0.426
sdis-77_croix-augas-8_2024-07-09T18-29-00.jpg,croix-augas,0.4252
sdis-07_brison-200_2024-02-02T14-37-44.jpg,brison,0.4247
force-06_courmettes-160_2024-04-26T11-28-48.jpg,courmettes,0.4241
force-06_valbonne-138_2024-01-02T11-02-32.jpg,valbonne,0.4239
force-06_courmettes-160_2024-04-03T09-59-17.jpg,courmettes,0.4239
sdis-07_brison-290_2024-01-05T08-59-40.jpg,brison,0.4239
sdis-07_brison-200_2024-01-25T14-13-45.jpg,brison,0.4238
force-06_valbonne-138_2024-04-23T09-37-12.jpg,valbonne,0.4237
force-06_courmettes-160_2024-04-03T10-00-47.jpg,courmettes,0.4236
force-06_courmettes-160_2024-01-31T08-46-42.jpg,courmettes,0.4233
sdis-07_brison-290_2024-02-08T13-32-26.jpg,brison,0.4231
force-06_courmettes-212_2024-01-22T15-27-57.jpg,courmettes,0.423
sdis-07_brison-110_2024-03-28T10-25-57.jpg,brison,0.4225
sdis-07_brison-110_2024-02-12T09-56-11.jpg,brison,0.4225
sdis-07_brison-200_2024-01-25T16-55-17.jpg,brison,0.4222
force-06_courmettes-212_2024-01-16T09-49-48.jpg,courmettes,0.4222
force-06_courmettes-160_2024-04-03T09-59-47.jpg,courmettes,0.4219
force-06_valbonne-349_2024-04-04T18-07-17.jpg,valbonne,0.4211
sdis-07_brison-200_2024-01-29T15-15-23.jpg,brison,0.4197
sdis-77_croix-augas-59_2024-07-03T16-20-36.jpg,croix-augas,0.4195
force-06_courmettes-160_2024-04-26T10-59-18.jpg,courmettes,0.4194
sdis-07_brison-290_2024-02-07T10-48-43.jpg,brison,0.4193
sdis-07_brison-290_2024-03-02T08-41-50.jpg,brison,0.4192
sdis-07_brison-20_2024-02-24T17-15-34.jpg,brison,0.4191
force-06_courmettes-160_2024-04-22T15-01-52.jpg,courmettes,0.4183
force-06_courmettes-160_2024-04-20T18-50-13.jpg,courmettes,0.4174
sdis-07_brison-200_2024-02-20T17-16-32.jpg,brison,0.4174
sdis-07_brison-200_2024-01-23T17-27-08.jpg,brison,0.4173
force-06_courmettes-160_2024-02-28T11-10-49.jpg,courmettes,0.4167
force-06_courmettes-160_2024-02-18T10-54-00.jpg,courmettes,0.4164
force-06_courmettes-160_2024-04-08T09-49-48.jpg,courmettes,0.4164
force-06_courmettes-275_2024-09-17T18-40-48.jpg,courmettes,0.4161
force-06_courmettes-160_2024-02-17T10-59-12.jpg,courmettes,0.4157
force-06_courmettes-275_2024-01-29T16-36-10.jpg,courmettes,0.4146
sdis-07_brison-200_2024-01-15T15-18-39.jpg,brison,0.4145
sdis-07_brison-200_2024-01-15T16-06-47.jpg,brison,0.4142
force-06_courmettes-160_2024-01-27T11-08-59.jpg,courmettes,0.4142
force-06_courmettes-212_2024-02-17T17-18-50.jpg,courmettes,0.4136
force-06_valbonne-223_2024-01-12T11-42-43.jpg,valbonne,0.4135
force-06_valbonne-223_2024-01-12T11-42-39.jpg,valbonne,0.4135
sdis-07_brison-200_2024-01-25T17-13-32.jpg,brison,0.4129
sdis-07_brison-290_2024-02-07T10-45-20.jpg,brison,0.4128
force-06_courmettes-160_2024-01-11T11-13-07.jpg,courmettes,0.4128
sdis-07_brison-200_2024-01-20T16-51-36.jpg,brison,0.4125
sdis-07_brison-200_2024-01-20T17-32-47.jpg,brison,0.4123
force-06_courmettes-160_2024-02-13T13-34-17.jpg,courmettes,0.4123
force-06_courmettes-275_2024-01-28T17-49-47.jpg,courmettes,0.412
sdis-07_brison-200_2024-01-24T14-05-19.jpg,brison,0.4118
force-06_courmettes-160_2024-04-23T09-40-31.jpg,courmettes,0.4114
force-06_courmettes-212_2024-01-25T14-29-42.jpg,courmettes,0.4113
sdis-07_brison-200_2024-01-24T14-05-02.jpg,brison,0.4111
sdis-07_brison-110_2024-03-28T13-16-04.jpg,brison,0.4108
sdis-77_croix-augas-161_2024-08-08T12-47-00.jpg,croix-augas,0.4106
force-06_valbonne-138_2024-01-06T11-46-01.jpg,valbonne,0.4103
sdis-07_brison-200_2024-01-25T17-23-18.jpg,brison,0.4102
force-06_courmettes-275_2024-01-10T09-25-16.jpg,courmettes,0.4099
force-06_courmettes-160_2024-02-16T08-38-04.jpg,courmettes,0.4096
force-06_courmettes-160_2024-04-26T11-11-49.jpg,courmettes,0.4095
force-06_courmettes-160_2024-04-26T11-11-53.jpg,courmettes,0.4095
force-06_courmettes-160_2024-04-08T09-53-17.jpg,courmettes,0.4094
force-06_courmettes-275_2024-01-22T15-32-01.jpg,courmettes,0.4078
force-06_courmettes-212_2024-02-17T17-19-21.jpg,courmettes,0.4076
sdis-77_croix-augas-59_2024-07-03T17-33-02.jpg,croix-augas,0.4075
force-06_valbonne-349_2024-04-04T18-04-18.jpg,valbonne,0.4072
sdis-07_brison-20_2024-02-24T17-32-34.jpg,brison,0.4072
sdis-07_brison-290_2024-03-21T13-55-38.jpg,brison,0.4071
force-06_courmettes-160_2024-04-23T09-15-00.jpg,courmettes,0.4066
force-06_courmettes-212_2024-01-09T09-36-17.jpg,courmettes,0.4057
sdis-07_brison-200_2024-01-26T14-45-42.jpg,brison,0.4049
sdis-07_brison-200_2024-01-04T13-41-17.jpg,brison,0.4045
force-06_valbonne-349_2024-01-23T14-07-34.jpg,valbonne,0.4042
force-06_valbonne-138_2024-01-13T17-30-48.jpg,valbonne,0.4039
sdis-07_brison-200_2024-03-19T09-19-56.jpg,brison,0.4038
sdis-07_brison-200_2024-02-14T15-19-02.jpg,brison,0.4032
force-06_courmettes-212_2024-02-05T09-36-03.jpg,courmettes,0.4031
force-06_valbonne-349_2024-01-23T14-06-34.jpg,valbonne,0.4028
force-06_valbonne-67_2024-02-05T16-22-55.jpg,valbonne,0.4028
force-06_courmettes-160_2024-01-09T09-37-12.jpg,courmettes,0.4027
sdis-07_brison-200_2024-01-24T14-06-25.jpg,brison,0.4027
sdis-07_brison-110_2024-03-01T09-04-14.jpg,brison,0.4025
sdis-07_brison-110_2024-02-20T09-42-54.jpg,brison,0.4021
sdis-07_brison-200_2024-01-25T16-38-24.jpg,brison,0.4019
force-06_courmettes-160_2024-06-01T08-54-36.jpg,courmettes,0.4019
force-06_courmettes-160_2024-02-16T08-36-33.jpg,courmettes,0.4018
force-06_courmettes-275_2024-01-25T12-54-14.jpg,courmettes,0.4012
force-06_courmettes-160_2024-04-03T09-56-17.jpg,courmettes,0.4007
sdis-07_brison-20_2024-02-12T08-57-21.jpg,brison,0.4004
force-06_valbonne-349_2024-02-04T16-47-05.jpg,valbonne,0.4002
force-06_courmettes-80_2024-02-24T08-49-28.jpg,courmettes,0.4002
force-06_valbonne-138_2024-04-23T09-50-44.jpg,valbonne,0.3995
force-06_courmettes-275_2024-01-28T12-24-34.jpg,courmettes,0.3985
force-06_courmettes-212_2024-01-25T14-21-12.jpg,courmettes,0.3985
sdis-07_brison-20_2024-02-24T17-13-21.jpg,brison,0.3983
sdis-07_brison-200_2024-02-13T16-18-19.jpg,brison,0.3982
force-06_courmettes-212_2024-09-17T18-39-48.jpg,courmettes,0.3982
sdis-07_brison-290_2024-02-03T17-39-06.jpg,brison,0.3981
sdis-07_brison-20_2024-02-12T09-42-14.jpg,brison,0.3976
sdis-07_brison-200_2024-02-17T15-39-37.jpg,brison,0.3974
force-06_valbonne-349_2024-01-23T11-14-01.jpg,valbonne,0.3971
sdis-07_brison-200_2024-01-22T15-50-43.jpg,brison,0.3966
sdis-07_brison-110_2024-02-05T09-56-34.jpg,brison,0.3965
force-06_courmettes-275_2024-01-04T17-06-22.jpg,courmettes,0.3962
force-06_valbonne-67_2024-01-24T09-57-23.jpg,valbonne,0.3961
sdis-07_brison-110_2024-02-07T08-17-50.jpg,brison,0.3956
force-06_courmettes-160_2024-04-22T14-43-21.jpg,courmettes,0.3955
sdis-07_brison-20_2024-01-04T16-06-58.jpg,brison,0.3954
force-06_courmettes-160_2024-04-20T18-49-13.jpg,courmettes,0.395
sdis-07_brison-200_2024-03-14T16-44-46.jpg,brison,0.3948
force-06_valbonne-67_2024-02-07T09-37-55.jpg,valbonne,0.3944
force-06_courmettes-275_2024-02-04T15-22-21.jpg,courmettes,0.3934
force-06_valbonne-349_2024-04-04T18-05-27.jpg,valbonne,0.3934
sdis-07_brison-200_2024-01-25T17-24-42.jpg,brison,0.3914
force-06_courmettes-160_2024-04-20T18-03-12.jpg,courmettes,0.3908
force-06_courmettes-275_2024-01-04T17-02-19.jpg,courmettes,0.3902
sdis-07_brison-110_2024-01-28T09-05-40.jpg,brison,0.3896
sdis-07_brison-110_2024-02-04T10-44-13.jpg,brison,0.3889
sdis-07_brison-20_2024-02-12T16-31-34.jpg,brison,0.3881
force-06_courmettes-80_2024-02-24T09-33-30.jpg,courmettes,0.3879
force-06_courmettes-275_2024-02-28T10-23-59.jpg,courmettes,0.3874
sdis-07_brison-200_2024-02-02T14-37-13.jpg,brison,0.3873
force-06_courmettes-212_2024-01-11T16-30-53.jpg,courmettes,0.3872
force-06_valbonne-349_2024-02-04T16-39-06.jpg,valbonne,0.3868
force-06_courmettes-160_2024-01-31T08-39-13.jpg,courmettes,0.3865
sdis-07_brison-200_2024-01-25T17-08-32.jpg,brison,0.3861
force-06_valbonne-138_2024-01-06T11-28-01.jpg,valbonne,0.386
sdis-07_brison-290_2024-02-03T15-02-16.jpg,brison,0.3857
force-06_valbonne-349_2024-04-04T17-50-17.jpg,valbonne,0.385
force-06_courmettes-212_2024-02-20T10-32-28.jpg,courmettes,0.385
force-06_courmettes-275_2024-04-27T19-39-32.jpg,courmettes,0.3849
sdis-07_brison-110_2024-02-12T10-04-11.jpg,brison,0.3848
force-06_courmettes-212_2024-01-22T15-24-57.jpg,courmettes,0.3847
sdis-07_brison-290_2024-03-08T10-35-09.jpg,brison,0.384
force-06_courmettes-160_2024-01-09T10-19-45.jpg,courmettes,0.3836
sdis-77_croix-augas-110_2024-08-12T14-44-15.jpg,croix-augas,0.382
force-06_courmettes-212_2024-01-26T10-57-38.jpg,courmettes,0.382
force-06_valbonne-349_2024-01-09T09-19-53.jpg,valbonne,0.3818
sdis-07_brison-290_2024-03-08T10-36-09.jpg,brison,0.3818
force-06_courmettes-160_2024-02-18T11-42-11.jpg,courmettes,0.3816
force-06_courmettes-275_2024-02-28T10-29-28.jpg,courmettes,0.3815
sdis-07_brison-290_2024-01-05T09-02-11.jpg,brison,0.3805
force-06_courmettes-160_2024-04-20T17-57-45.jpg,courmettes,0.3802
force-06_courmettes-212_2024-01-09T12-20-21.jpg,courmettes,0.3787
force-06_courmettes-212_2024-02-16T15-20-50.jpg,courmettes,0.3786
sdis-07_brison-20_2024-03-08T10-58-11.jpg,brison,0.3784
force-06_courmettes-212_2024-02-05T09-56-05.jpg,courmettes,0.3781
force-06_courmettes-212_2024-04-09T15-12-15.jpg,courmettes,0.3779
force-06_courmettes-275_2024-09-17T19-35-05.jpg,courmettes,0.3772
sdis-07_brison-110_2024-01-27T14-47-44.jpg,brison,0.3769
force-06_courmettes-160_2024-01-19T11-35-02.jpg,courmettes,0.3768
force-06_courmettes-212_2024-01-08T11-05-23.jpg,courmettes,0.3766
force-06_courmettes-160_2024-04-26T09-12-19.jpg,courmettes,0.3765
force-06_courmettes-160_2024-04-23T09-32-30.jpg,courmettes,0.3764
force-06_courmettes-160_2024-04-03T10-47-19.jpg,courmettes,0.3762
sdis-77_croix-augas-161_2024-07-01T07-51-09.jpg,croix-augas,0.3754
force-06_courmettes-160_2024-06-03T21-26-07.jpg,courmettes,0.3751
force-06_courmettes-160_2024-01-31T08-47-42.jpg,courmettes,0.3751
force-06_courmettes-160_2024-01-31T08-47-50.jpg,courmettes,0.3751
force-06_courmettes-212_2024-01-22T15-53-27.jpg,courmettes,0.375
force-06_valbonne-138_2024-01-06T14-43-08.jpg,valbonne,0.3742
sdis-07_brison-200_2024-03-17T12-41-48.jpg,brison,0.3735
sdis-07_brison-110_2024-03-28T10-28-54.jpg,brison,0.3734
force-06_courmettes-160_2024-04-20T18-48-13.jpg,courmettes,0.3731
force-06_courmettes-160_2024-04-03T10-05-18.jpg,courmettes,0.3722
force-06_valbonne-349_2024-02-04T16-28-35.jpg,valbonne,0.3721
force-06_courmettes-275_2024-04-27T10-05-14.jpg,courmettes,0.3714
sdis-07_brison-110_2024-03-28T11-28-26.jpg,brison,0.3712
sdis-07_brison-110_2024-03-28T11-28-15.jpg,brison,0.3712
sdis-07_brison-110_2024-03-28T11-28-08.jpg,brison,0.3712
sdis-77_croix-augas-161_2024-08-08T11-27-57.jpg,croix-augas,0.371
force-06_courmettes-160_2024-04-26T10-55-19.jpg,courmettes,0.3702
force-06_courmettes-160_2024-04-26T10-55-23.jpg,courmettes,0.3702
force-06_courmettes-275_2024-01-29T17-34-15.jpg,courmettes,0.3702
sdis-07_brison-200_2024-02-02T14-37-50.jpg,brison,0.3702
sdis-07_brison-20_2024-03-08T09-41-39.jpg,brison,0.3698
force-06_courmettes-160_2024-02-16T08-38-34.jpg,courmettes,0.3696
force-06_courmettes-160_2024-04-10T18-09-18.jpg,courmettes,0.3694
force-06_courmettes-160_2024-06-22T18-19-02.jpg,courmettes,0.3694
force-06_valbonne-349_2024-01-23T14-00-04.jpg,valbonne,0.3692
force-06_courmettes-80_2024-01-10T11-10-41.jpg,courmettes,0.3688
force-06_courmettes-212_2024-04-20T19-45-49.jpg,courmettes,0.3686
force-06_courmettes-160_2024-04-20T17-57-21.jpg,courmettes,0.3684
force-06_courmettes-212_2024-02-05T10-09-06.jpg,courmettes,0.3679
sdis-07_brison-20_2024-02-12T16-31-50.jpg,brison,0.3669
force-06_courmettes-80_2024-02-24T09-27-30.jpg,courmettes,0.3655
force-06_courmettes-275_2024-01-29T17-35-13.jpg,courmettes,0.3653
force-06_courmettes-160_2024-04-26T11-09-49.jpg,courmettes,0.3652
force-06_courmettes-160_2024-04-26T11-09-53.jpg,courmettes,0.3652
sdis-07_brison-290_2024-03-05T16-59-01.jpg,brison,0.3649
force-06_courmettes-160_2024-04-03T09-56-47.jpg,courmettes,0.3648
force-06_courmettes-160_2024-04-03T09-56-56.jpg,courmettes,0.3648
force-06_courmettes-160_2024-04-26T10-53-18.jpg,courmettes,0.3647
force-06_courmettes-160_2024-01-15T11-43-14.jpg,courmettes,0.3646
sdis-77_croix-augas-110_2024-07-30T13-57-58.jpg,croix-augas,0.3646
force-06_valbonne-138_2024-02-19T16-52-58.jpg,valbonne,0.3642
force-06_courmettes-275_2024-09-17T18-46-55.jpg,courmettes,0.3635
force-06_courmettes-160_2024-04-20T17-59-42.jpg,courmettes,0.3634
force-06_valbonne-349_2024-02-04T16-32-05.jpg,valbonne,0.3633
force-06_courmettes-160_2024-02-16T08-41-05.jpg,courmettes,0.363
force-06_courmettes-160_2024-04-22T14-39-23.jpg,courmettes,0.363
force-06_valbonne-349_2024-04-04T17-29-46.jpg,valbonne,0.3629
force-06_valbonne-138_2024-01-16T08-15-51.jpg,valbonne,0.3623
force-06_valbonne-349_2024-02-04T16-32-35.jpg,valbonne,0.3622
sdis-07_brison-200_2024-01-26T15-17-44.jpg,brison,0.3619
sdis-07_brison-200_2024-01-25T17-13-18.jpg,brison,0.3617
force-06_courmettes-212_2024-01-30T09-18-26.jpg,courmettes,0.3617
sdis-77_croix-augas-59_2024-07-03T16-18-35.jpg,croix-augas,0.3615
sdis-77_croix-augas-161_2024-08-08T12-48-22.jpg,croix-augas,0.3611
force-06_courmettes-212_2024-02-15T13-46-52.jpg,courmettes,0.361
force-06_courmettes-160_2024-04-08T09-19-47.jpg,courmettes,0.3604
force-06_courmettes-160_2024-07-31T08-41-28.jpg,courmettes,0.3601
force-06_courmettes-275_2024-09-17T18-41-17.jpg,courmettes,0.3594
sdis-07_brison-200_2024-02-13T15-56-24.jpg,brison,0.359
force-06_courmettes-160_2024-04-20T19-00-13.jpg,courmettes,0.3587
force-06_courmettes-80_2024-01-08T17-30-00.jpg,courmettes,0.3584
force-06_courmettes-275_2024-02-09T17-03-10.jpg,courmettes,0.3581
force-06_courmettes-212_2024-02-16T15-01-19.jpg,courmettes,0.3579
sdis-07_brison-226_2024-09-15T15-17-54.jpg,brison,0.3578
force-06_courmettes-160_2024-08-24T10-05-09.jpg,courmettes,0.3578
force-06_courmettes-160_2024-01-09T16-00-25.jpg,courmettes,0.3573
force-06_courmettes-160_2024-08-24T10-07-09.jpg,courmettes,0.3567
force-06_courmettes-160_2024-01-16T09-54-14.jpg,courmettes,0.3566
force-06_courmettes-160_2024-04-08T09-52-17.jpg,courmettes,0.3564
force-06_courmettes-80_2024-02-24T09-34-30.jpg,courmettes,0.3564
force-06_courmettes-275_2024-02-12T14-21-27.jpg,courmettes,0.3563
force-06_courmettes-160_2024-04-26T11-17-20.jpg,courmettes,0.3547
force-06_courmettes-160_2024-04-26T11-17-23.jpg,courmettes,0.3547
force-06_valbonne-138_2024-01-16T08-20-52.jpg,valbonne,0.3544
force-06_valbonne-67_2024-02-05T16-22-57.jpg,valbonne,0.3541
force-06_courmettes-212_2024-01-12T09-22-57.jpg,courmettes,0.3537
force-06_courmettes-212_2024-01-22T15-25-27.jpg,courmettes,0.3533
force-06_courmettes-160_2024-04-20T18-49-43.jpg,courmettes,0.3527
force-06_courmettes-160_2024-01-09T09-39-13.jpg,courmettes,0.3523
sdis-07_brison-110_2024-02-21T14-28-41.jpg,brison,0.3515
sdis-07_brison-110_2024-01-24T10-53-44.jpg,brison,0.3512
sdis-07_brison-110_2024-01-24T10-53-35.jpg,brison,0.3512
sdis-07_brison-110_2024-03-28T09-13-56.jpg,brison,0.3511
sdis-07_brison-110_2024-02-12T09-56-40.jpg,brison,0.3508
sdis-07_brison-110_2024-02-12T09-56-48.jpg,brison,0.3508
force-06_courmettes-160_2024-01-24T10-43-36.jpg,courmettes,0.3503
force-06_courmettes-160_2024-01-31T09-03-13.jpg,courmettes,0.3497
force-06_courmettes-212_2024-01-22T15-40-34.jpg,courmettes,0.3482
force-06_valbonne-349_2024-01-23T14-04-04.jpg,valbonne,0.3465
force-06_courmettes-160_2024-01-24T10-45-36.jpg,courmettes,0.3462
sdis-07_brison-290_2024-02-21T08-24-17.jpg,brison,0.3462
sdis-07_brison-290_2024-03-08T10-35-36.jpg,brison,0.3459
force-06_valbonne-138_2024-01-06T17-35-14.jpg,valbonne,0.3457
force-06_courmettes-275_2024-01-29T16-37-40.jpg,courmettes,0.3451
force-06_courmettes-160_2024-01-08T12-31-02.jpg,courmettes,0.3449
force-06_courmettes-80_2024-01-10T10-57-10.jpg,courmettes,0.3448
sdis-07_brison-200_2024-01-20T17-37-46.jpg,brison,0.3445
force-06_courmettes-212_2024-02-17T17-46-52.jpg,courmettes,0.3444
force-06_courmettes-160_2024-01-19T11-33-39.jpg,courmettes,0.3439
force-06_courmettes-160_2024-01-31T09-44-15.jpg,courmettes,0.3438
sdis-07_brison-290_2024-02-03T15-03-10.jpg,brison,0.3429
sdis-07_brison-290_2024-02-07T17-11-04.jpg,brison,0.3427
force-06_courmettes-160_2024-04-26T11-11-18.jpg,courmettes,0.3426
force-06_courmettes-160_2024-01-24T11-07-06.jpg,courmettes,0.3421
sdis-07_brison-200_2024-03-16T13-36-30.jpg,brison,0.342
force-06_courmettes-275_2024-01-28T17-50-17.jpg,courmettes,0.3417
force-06_courmettes-275_2024-02-09T17-42-41.jpg,courmettes,0.3415
force-06_courmettes-212_2024-01-26T15-29-41.jpg,courmettes,0.3414
force-06_courmettes-212_2024-04-08T19-34-39.jpg,courmettes,0.3414
sdis-07_brison-110_2024-01-21T14-37-26.jpg,brison,0.3413
sdis-07_brison-226_2024-09-15T15-17-52.jpg,brison,0.3407
sdis-07_brison-110_2024-02-06T09-30-24.jpg,brison,0.3402
force-06_courmettes-160_2024-02-27T16-54-05.jpg,courmettes,0.34
sdis-07_brison-200_2024-02-02T16-18-16.jpg,brison,0.3398
sdis-07_brison-200_2024-01-15T17-42-22.jpg,brison,0.3397
force-06_courmettes-212_2024-02-16T14-49-58.jpg,courmettes,0.3391
force-06_courmettes-275_2024-04-27T19-36-28.jpg,courmettes,0.3385
force-06_courmettes-275_2024-09-17T19-26-04.jpg,courmettes,0.3385
sdis-07_brison-200_2024-01-25T16-57-47.jpg,brison,0.3385
sdis-07_brison-200_2024-02-02T14-37-37.jpg,brison,0.3381
force-06_courmettes-160_2024-04-08T09-20-47.jpg,courmettes,0.338
sdis-07_brison-200_2024-02-29T12-44-33.jpg,brison,0.338
force-06_courmettes-212_2024-02-16T15-04-51.jpg,courmettes,0.3379
force-06_courmettes-275_2024-04-27T10-05-00.jpg,courmettes,0.3378
force-06_courmettes-275_2024-04-27T10-04-51.jpg,courmettes,0.3378
force-06_courmettes-212_2024-01-20T13-36-02.jpg,courmettes,0.3375
force-06_courmettes-160_2024-01-06T10-29-02.jpg,courmettes,0.3371
sdis-07_brison-200_2024-02-29T18-27-05.jpg,brison,0.3362
sdis-07_brison-200_2024-02-12T17-04-34.jpg,brison,0.3359
sdis-07_brison-200_2024-01-25T16-35-31.jpg,brison,0.3356
sdis-07_brison-110_2024-03-17T10-06-18.jpg,brison,0.3354
force-06_courmettes-160_2024-04-08T09-50-48.jpg,courmettes,0.3353
force-06_courmettes-275_2024-02-28T10-02-46.jpg,courmettes,0.3349
sdis-07_brison-200_2024-02-29T12-55-02.jpg,brison,0.3345
force-06_courmettes-212_2024-02-18T16-22-16.jpg,courmettes,0.3344
force-06_courmettes-275_2024-02-17T17-44-57.jpg,courmettes,0.3344
force-06_courmettes-160_2024-01-31T09-40-15.jpg,courmettes,0.3338
force-06_courmettes-160_2024-02-18T10-35-46.jpg,courmettes,0.3332
sdis-07_brison-200_2024-02-07T16-00-00.jpg,brison,0.3329
force-06_courmettes-212_2024-09-05T10-18-29.jpg,courmettes,0.3323
sdis-07_brison-110_2024-02-05T09-02-33.jpg,brison,0.3323
force-06_courmettes-212_2024-02-16T14-45-57.jpg,courmettes,0.3321
force-06_courmettes-212_2024-02-16T14-45-53.jpg,courmettes,0.3321
force-06_courmettes-212_2024-01-12T12-44-41.jpg,courmettes,0.3321
force-06_courmettes-212_2024-01-12T12-44-37.jpg,courmettes,0.3321
force-06_valbonne-349_2024-02-04T16-28-05.jpg,valbonne,0.3321
sdis-77_croix-augas-8_2024-08-22T16-14-23.jpg,croix-augas,0.3299
sdis-07_brison-290_2024-01-05T10-15-42.jpg,brison,0.3296
force-06_courmettes-160_2024-02-13T12-50-22.jpg,courmettes,0.3294
sdis-07_brison-200_2024-01-25T17-13-55.jpg,brison,0.3288
sdis-07_brison-110_2024-02-12T09-03-10.jpg,brison,0.3282
force-06_courmettes-160_2024-01-27T10-45-31.jpg,courmettes,0.3282
force-06_courmettes-160_2024-02-18T11-27-32.jpg,courmettes,0.3281
force-06_valbonne-223_2024-01-12T11-39-07.jpg,valbonne,0.3278
force-06_courmettes-80_2024-02-24T08-50-58.jpg,courmettes,0.3275
sdis-07_brison-20_2024-01-15T15-38-39.jpg,brison,0.3275
sdis-07_brison-20_2024-02-15T15-15-47.jpg,brison,0.3262
sdis-07_brison-110_2024-03-28T09-14-23.jpg,brison,0.3258
force-06_valbonne-223_2024-01-22T15-12-06.jpg,valbonne,0.3254
sdis-77_croix-augas-161_2024-08-15T12-09-25.jpg,croix-augas,0.3254
sdis-07_brison-110_2024-03-28T10-34-33.jpg,brison,0.3251
sdis-07_brison-110_2024-03-28T10-34-26.jpg,brison,0.3251
sdis-07_brison-110_2024-03-28T10-34-38.jpg,brison,0.3251
sdis-77_croix-augas-161_2024-08-08T12-46-54.jpg,croix-augas,0.325
force-06_valbonne-67_2024-06-25T09-00-51.jpg,valbonne,0.3244
sdis-07_brison-290_2024-03-02T09-22-01.jpg,brison,0.324
force-06_courmettes-160_2024-04-20T17-58-41.jpg,courmettes,0.3236
force-06_courmettes-212_2024-01-12T11-57-03.jpg,courmettes,0.3234
sdis-07_brison-200_2024-03-27T18-51-56.jpg,brison,0.3232
sdis-77_croix-augas-59_2024-07-03T17-31-02.jpg,croix-augas,0.3232
sdis-07_brison-39_2024-09-21T16-55-31.jpg,brison,0.3231
sdis-07_brison-200_2024-01-20T17-35-46.jpg,brison,0.3227
force-06_courmettes-160_2024-01-02T12-11-12.jpg,courmettes,0.3223
force-06_valbonne-349_2024-01-23T14-04-35.jpg,valbonne,0.321
force-06_courmettes-160_2024-04-20T18-47-45.jpg,courmettes,0.3209
force-06_courmettes-160_2024-01-27T10-59-27.jpg,courmettes,0.3208
force-06_courmettes-80_2024-09-07T11-41-35.jpg,courmettes,0.3206
sdis-07_brison-200_2024-02-20T17-15-26.jpg,brison,0.3205
force-06_valbonne-349_2024-01-23T14-03-33.jpg,valbonne,0.3201
sdis-77_croix-augas-265_2024-07-24T15-30-41.jpg,croix-augas,0.3199
force-06_courmettes-275_2024-02-12T14-20-28.jpg,courmettes,0.3197
force-06_valbonne-138_2024-04-23T09-52-14.jpg,valbonne,0.3192
force-06_courmettes-212_2024-01-16T09-52-17.jpg,courmettes,0.3189
force-06_courmettes-160_2024-04-03T09-07-45.jpg,courmettes,0.3188
sdis-07_brison-20_2024-02-24T17-14-34.jpg,brison,0.3187
sdis-07_brison-110_2024-02-05T10-02-34.jpg,brison,0.3177
sdis-07_brison-110_2024-03-28T10-35-45.jpg,brison,0.3175
force-06_courmettes-160_2024-04-03T09-38-47.jpg,courmettes,0.3161
force-06_courmettes-160_2024-04-03T09-39-02.jpg,courmettes,0.3161
force-06_courmettes-160_2024-04-03T09-38-59.jpg,courmettes,0.3161
sdis-07_brison-110_2024-03-08T11-24-31.jpg,brison,0.3158
force-06_valbonne-138_2024-01-23T12-16-36.jpg,valbonne,0.3157
sdis-07_brison-200_2024-02-17T15-42-37.jpg,brison,0.3156
force-06_courmettes-212_2024-01-30T09-18-21.jpg,courmettes,0.3155
sdis-07_brison-39_2024-09-21T16-43-31.jpg,brison,0.315
force-06_courmettes-160_2024-04-03T10-04-48.jpg,courmettes,0.3149
force-06_valbonne-138_2024-01-13T17-22-19.jpg,valbonne,0.3147
force-06_courmettes-80_2024-02-24T08-50-29.jpg,courmettes,0.3146
sdis-07_brison-290_2024-09-05T11-47-38.jpg,brison,0.3145
force-06_courmettes-212_2024-01-22T15-40-32.jpg,courmettes,0.314
sdis-07_brison-20_2024-02-29T18-24-05.jpg,brison,0.3138
sdis-77_croix-augas-59_2024-09-22T13-44-33.jpg,croix-augas,0.3138
sdis-07_brison-290_2024-01-05T10-18-43.jpg,brison,0.3125
force-06_valbonne-138_2024-01-16T08-20-54.jpg,valbonne,0.3122
force-06_courmettes-160_2024-04-23T10-16-32.jpg,courmettes,0.3121
force-06_courmettes-80_2024-02-24T09-27-09.jpg,courmettes,0.312
force-06_courmettes-160_2024-04-03T09-50-17.jpg,courmettes,0.312
force-06_valbonne-138_2024-01-16T08-15-21.jpg,valbonne,0.3119
force-06_courmettes-160_2024-04-26T11-10-18.jpg,courmettes,0.3117
sdis-07_brison-290_2024-02-03T15-02-09.jpg,brison,0.3113
sdis-77_croix-augas-212_2024-08-18T20-17-30.jpg,croix-augas,0.3112
sdis-07_brison-110_2024-02-05T10-03-04.jpg,brison,0.3112
sdis-07_brison-110_2024-02-05T10-03-11.jpg,brison,0.3112
force-06_courmettes-212_2024-04-20T19-47-24.jpg,courmettes,0.3108
sdis-77_croix-augas-110_2024-07-14T19-54-37.jpg,croix-augas,0.3107
force-06_courmettes-160_2024-01-24T10-45-06.jpg,courmettes,0.3106
force-06_valbonne-349_2024-01-23T11-13-59.jpg,valbonne,0.3106
force-06_courmettes-160_2024-02-18T11-27-40.jpg,courmettes,0.3093
sdis-07_brison-200_2024-01-26T15-18-00.jpg,brison,0.3084
force-06_valbonne-349_2024-01-09T09-19-52.jpg,valbonne,0.3084
sdis-07_brison-110_2024-02-24T15-11-07.jpg,brison,0.3082
force-06_courmettes-275_2024-09-17T19-25-57.jpg,courmettes,0.3077
force-06_courmettes-160_2024-04-26T11-12-48.jpg,courmettes,0.3075
force-06_courmettes-160_2024-02-01T13-27-50.jpg,courmettes,0.3074
force-06_courmettes-160_2024-01-19T11-35-30.jpg,courmettes,0.3074
sdis-07_brison-20_2024-02-24T17-32-57.jpg,brison,0.3068
sdis-77_croix-augas-59_2024-07-03T17-45-03.jpg,croix-augas,0.3065
force-06_courmettes-160_2024-01-16T11-27-42.jpg,courmettes,0.3065
force-06_courmettes-275_2024-04-27T19-25-30.jpg,courmettes,0.3061
sdis-07_brison-200_2024-02-17T15-42-07.jpg,brison,0.3059
sdis-77_croix-augas-220_2024-07-28T19-18-04.jpg,croix-augas,0.3057
sdis-07_brison-290_2024-01-10T10-04-45.jpg,brison,0.3055
force-06_courmettes-160_2024-01-26T14-16-05.jpg,courmettes,0.3055
sdis-07_brison-110_2024-03-27T13-27-14.jpg,brison,0.3054
force-06_courmettes-160_2024-02-27T14-22-01.jpg,courmettes,0.3053
sdis-77_croix-augas-59_2024-07-03T17-31-32.jpg,croix-augas,0.3053
force-06_courmettes-212_2024-01-24T14-13-17.jpg,courmettes,0.305
force-06_valbonne-67_2024-06-25T09-01-51.jpg,valbonne,0.305
sdis-07_brison-200_2024-03-19T09-25-56.jpg,brison,0.3048
force-06_courmettes-160_2024-01-19T11-07-48.jpg,courmettes,0.3044
force-06_courmettes-160_2024-01-19T11-07-57.jpg,courmettes,0.3044
force-06_valbonne-349_2024-01-23T14-02-33.jpg,valbonne,0.3042
sdis-07_brison-20_2024-02-12T16-32-20.jpg,brison,0.304
sdis-77_croix-augas-212_2024-09-16T18-56-19.jpg,croix-augas,0.3032
force-06_valbonne-138_2024-02-27T16-53-32.jpg,valbonne,0.3029
sdis-77_croix-augas-161_2024-08-21T07-36-28.jpg,croix-augas,0.3023
force-06_courmettes-160_2024-02-19T12-08-29.jpg,courmettes,0.302
sdis-77_croix-augas-161_2024-08-08T12-48-25.jpg,croix-augas,0.3016
force-06_courmettes-160_2024-04-23T09-28-30.jpg,courmettes,0.3008
force-06_courmettes-212_2024-02-16T15-05-19.jpg,courmettes,0.3005
sdis-77_croix-augas-8_2024-07-17T19-53-45.jpg,croix-augas,0.3
sdis-07_brison-200_2024-01-21T14-27-37.jpg,brison,0.3
force-06_courmettes-212_2024-01-22T15-26-27.jpg,courmettes,0.2997
sdis-07_brison-200_2024-01-22T14-28-17.jpg,brison,0.2993
sdis-07_brison-200_2024-01-25T16-58-18.jpg,brison,0.2988
sdis-07_brison-290_2024-02-07T11-16-51.jpg,brison,0.2986
sdis-07_brison-39_2024-09-21T16-49-33.jpg,brison,0.2986
force-06_courmettes-80_2024-01-08T17-29-58.jpg,courmettes,0.2983
force-06_courmettes-212_2024-01-15T11-52-16.jpg,courmettes,0.2979
force-06_courmettes-160_2024-02-27T16-54-35.jpg,courmettes,0.2978
force-06_courmettes-275_2024-01-26T15-08-43.jpg,courmettes,0.2977
force-06_courmettes-275_2024-02-09T17-04-41.jpg,courmettes,0.2976
force-06_courmettes-160_2024-02-16T08-53-04.jpg,courmettes,0.2972
force-06_valbonne-223_2024-01-12T11-43-07.jpg,valbonne,0.2971
force-06_courmettes-160_2024-04-23T09-14-39.jpg,courmettes,0.2965
force-06_courmettes-160_2024-06-03T21-25-11.jpg,courmettes,0.2964
force-06_courmettes-160_2024-01-28T10-25-53.jpg,courmettes,0.2962
force-06_valbonne-138_2024-02-15T10-58-23.jpg,valbonne,0.2961
force-06_valbonne-138_2024-01-13T17-37-40.jpg,valbonne,0.296
sdis-07_brison-110_2024-02-23T12-00-50.jpg,brison,0.2957
sdis-77_croix-augas-265_2024-08-03T12-15-15.jpg,croix-augas,0.2956
sdis-07_brison-290_2024-03-02T08-40-34.jpg,brison,0.2945
sdis-07_brison-290_2024-03-02T08-41-32.jpg,brison,0.2943
sdis-07_brison-200_2024-01-20T16-51-42.jpg,brison,0.2941
force-06_valbonne-349_2024-01-30T17-08-21.jpg,valbonne,0.294
force-06_courmettes-160_2024-07-31T08-41-00.jpg,courmettes,0.294
sdis-77_croix-augas-8_2024-07-17T19-53-43.jpg,croix-augas,0.2938
force-06_courmettes-160_2024-01-24T10-44-06.jpg,courmettes,0.2938
sdis-07_brison-20_2024-02-05T13-20-50.jpg,brison,0.2935
sdis-77_croix-augas-110_2024-07-14T19-35-07.jpg,croix-augas,0.2934
sdis-07_brison-200_2024-03-07T15-22-55.jpg,brison,0.2933
force-06_courmettes-212_2024-04-03T10-06-50.jpg,courmettes,0.2932
force-06_valbonne-138_2024-01-16T08-14-52.jpg,valbonne,0.293
force-06_courmettes-212_2024-01-11T16-31-15.jpg,courmettes,0.2926
force-06_courmettes-212_2024-01-14T14-15-56.jpg,courmettes,0.2926
sdis-07_brison-290_2024-02-03T15-02-55.jpg,brison,0.2924
sdis-07_brison-200_2024-01-22T14-27-48.jpg,brison,0.2923
sdis-07_brison-200_2024-02-29T18-27-19.jpg,brison,0.2922
force-06_courmettes-80_2024-01-10T09-58-38.jpg,courmettes,0.2922
sdis-77_croix-augas-8_2024-07-12T20-56-48.jpg,croix-augas,0.2914
sdis-07_brison-110_2024-01-27T14-21-29.jpg,brison,0.2907
force-06_courmettes-160_2024-04-22T15-02-52.jpg,courmettes,0.2907
force-06_valbonne-67_2024-02-21T10-30-36.jpg,valbonne,0.2901
force-06_courmettes-212_2024-04-27T10-07-39.jpg,courmettes,0.2901
force-06_courmettes-160_2024-02-27T16-55-06.jpg,courmettes,0.2898
force-06_courmettes-212_2024-01-11T16-40-47.jpg,courmettes,0.2893
force-06_courmettes-160_2024-02-27T16-55-37.jpg,courmettes,0.2893
sdis-07_brison-20_2024-01-31T14-45-24.jpg,brison,0.2892
sdis-77_croix-augas-212_2024-08-18T20-17-59.jpg,croix-augas,0.2892
sdis-07_brison-200_2024-02-05T16-27-46.jpg,brison,0.2891
force-06_courmettes-212_2024-02-16T15-19-50.jpg,courmettes,0.2891
sdis-77_croix-augas-161_2024-08-08T12-24-47.jpg,croix-augas,0.287
force-06_courmettes-160_2024-04-10T18-09-48.jpg,courmettes,0.2869
force-06_valbonne-349_2024-04-04T17-29-16.jpg,valbonne,0.2865
sdis-07_brison-110_2024-03-17T12-11-15.jpg,brison,0.2863
sdis-07_brison-200_2024-01-24T14-05-32.jpg,brison,0.2862
force-06_courmettes-275_2024-01-21T13-18-59.jpg,courmettes,0.286
force-06_courmettes-212_2024-02-12T11-22-19.jpg,courmettes,0.2857
force-06_courmettes-212_2024-04-20T19-45-18.jpg,courmettes,0.2856
force-06_courmettes-212_2024-01-26T10-58-31.jpg,courmettes,0.285
sdis-77_croix-augas-161_2024-07-10T08-08-46.jpg,croix-augas,0.2849
sdis-07_brison-20_2024-02-12T16-31-27.jpg,brison,0.2849
sdis-07_brison-200_2024-02-17T15-37-00.jpg,brison,0.2841
sdis-07_brison-200_2024-01-22T14-28-11.jpg,brison,0.2839
sdis-07_brison-200_2024-02-13T16-29-19.jpg,brison,0.2836
force-06_courmettes-80_2024-01-10T11-16-12.jpg,courmettes,0.2833
force-06_valbonne-138_2024-01-13T17-28-18.jpg,valbonne,0.2832
force-06_courmettes-160_2024-02-16T08-36-36.jpg,courmettes,0.2832
force-06_courmettes-212_2024-02-07T10-23-40.jpg,courmettes,0.2831
sdis-77_croix-augas-8_2024-07-17T19-53-40.jpg,croix-augas,0.2831
force-06_courmettes-80_2024-02-24T09-31-30.jpg,courmettes,0.2825
force-06_courmettes-275_2024-01-28T15-52-51.jpg,courmettes,0.2821
sdis-07_brison-110_2024-03-08T10-55-04.jpg,brison,0.2817
force-06_courmettes-275_2024-01-28T17-51-15.jpg,courmettes,0.2812
force-06_courmettes-160_2024-02-13T13-02-14.jpg,courmettes,0.2811
force-06_valbonne-349_2024-01-23T14-03-03.jpg,valbonne,0.2807
force-06_courmettes-160_2024-02-28T11-09-49.jpg,courmettes,0.2805
force-06_courmettes-160_2024-04-08T09-20-23.jpg,courmettes,0.2799
force-06_courmettes-160_2024-04-08T09-20-18.jpg,courmettes,0.2799
force-06_courmettes-160_2024-01-02T10-55-28.jpg,courmettes,0.2796
sdis-07_brison-200_2024-01-15T16-07-04.jpg,brison,0.2792
force-06_courmettes-275_2024-01-28T15-52-48.jpg,courmettes,0.2791
force-06_valbonne-349_2024-02-04T16-31-35.jpg,valbonne,0.2791
force-06_courmettes-212_2024-01-30T09-18-48.jpg,courmettes,0.2791
force-06_courmettes-275_2024-01-21T12-53-27.jpg,courmettes,0.2789
force-06_courmettes-212_2024-01-11T16-33-15.jpg,courmettes,0.277
force-06_courmettes-160_2024-02-27T16-53-36.jpg,courmettes,0.2769
sdis-07_brison-290_2024-02-24T15-33-27.jpg,brison,0.2769
force-06_courmettes-160_2024-04-22T14-39-51.jpg,courmettes,0.2768
force-06_valbonne-138_2024-01-09T11-10-25.jpg,valbonne,0.2767
sdis-07_brison-200_2024-01-08T14-58-39.jpg,brison,0.2762
sdis-07_brison-200_2024-01-08T14-58-13.jpg,brison,0.2762
sdis-07_brison-200_2024-01-08T14-58-19.jpg,brison,0.2762
sdis-07_brison-200_2024-01-08T14-58-33.jpg,brison,0.2762
force-06_valbonne-349_2024-01-09T09-08-53.jpg,valbonne,0.2756
force-06_courmettes-160_2024-01-02T10-57-26.jpg,courmettes,0.2756
force-06_courmettes-212_2024-01-22T15-24-01.jpg,courmettes,0.2756
force-06_valbonne-67_2024-02-05T16-32-56.jpg,valbonne,0.2755
sdis-07_brison-110_2024-03-17T09-49-41.jpg,brison,0.2754
sdis-07_brison-20_2024-02-12T10-21-38.jpg,brison,0.2753
force-06_courmettes-160_2024-02-12T09-54-51.jpg,courmettes,0.275
sdis-07_brison-110_2024-03-01T11-21-54.jpg,brison,0.2745
force-06_courmettes-160_2024-04-23T10-16-02.jpg,courmettes,0.2745
sdis-77_croix-augas-161_2024-07-03T07-25-50.jpg,croix-augas,0.2745
force-06_courmettes-212_2024-01-26T10-58-02.jpg,courmettes,0.2744
force-06_courmettes-212_2024-02-07T10-23-57.jpg,courmettes,0.2744
force-06_courmettes-160_2024-06-07T09-32-32.jpg,courmettes,0.2737
force-06_valbonne-138_2024-01-06T17-34-45.jpg,valbonne,0.2737
force-06_courmettes-212_2024-02-23T11-13-45.jpg,courmettes,0.2736
sdis-07_brison-110_2024-03-28T08-59-03.jpg,brison,0.2733
force-06_courmettes-212_2024-01-15T11-25-16.jpg,courmettes,0.2732
sdis-07_brison-290_2024-02-03T15-03-40.jpg,brison,0.2731
sdis-07_brison-200_2024-02-20T17-17-02.jpg,brison,0.273
force-06_courmettes-275_2024-09-17T18-50-21.jpg,courmettes,0.2727
sdis-07_brison-200_2024-01-23T14-15-33.jpg,brison,0.2724
force-06_courmettes-212_2024-01-09T12-19-21.jpg,courmettes,0.272
force-06_courmettes-160_2024-04-26T11-12-18.jpg,courmettes,0.272
sdis-07_brison-290_2024-03-02T08-40-50.jpg,brison,0.2719
force-06_valbonne-349_2024-01-23T14-01-04.jpg,valbonne,0.2715
force-06_courmettes-160_2024-04-03T08-59-15.jpg,courmettes,0.2711
force-06_courmettes-275_2024-01-22T15-32-33.jpg,courmettes,0.271
sdis-07_brison-110_2024-01-28T09-06-06.jpg,brison,0.2698
sdis-77_croix-augas-59_2024-09-07T11-17-48.jpg,croix-augas,0.2693
sdis-07_brison-110_2024-03-28T16-26-38.jpg,brison,0.2689
sdis-07_brison-200_2024-01-25T17-00-02.jpg,brison,0.2689
sdis-07_brison-200_2024-01-25T17-00-11.jpg,brison,0.2689
force-06_courmettes-160_2024-02-13T13-02-44.jpg,courmettes,0.2683
sdis-07_brison-20_2024-02-08T18-22-14.jpg,brison,0.2682
sdis-07_brison-110_2024-03-27T14-20-03.jpg,brison,0.2679
force-06_courmettes-212_2024-01-22T15-54-27.jpg,courmettes,0.2678
force-06_courmettes-275_2024-04-27T19-38-01.jpg,courmettes,0.2677
force-06_valbonne-138_2024-04-23T09-46-15.jpg,valbonne,0.2676
force-06_courmettes-212_2024-01-03T13-48-37.jpg,courmettes,0.2673
force-06_courmettes-80_2024-02-21T09-56-44.jpg,courmettes,0.2671
force-06_valbonne-349_2024-01-08T09-15-10.jpg,valbonne,0.2671
sdis-77_croix-augas-161_2024-07-01T08-01-39.jpg,croix-augas,0.2667
force-06_courmettes-160_2024-04-03T09-39-46.jpg,courmettes,0.2664
force-06_courmettes-212_2024-04-27T10-04-43.jpg,courmettes,0.2663
sdis-07_brison-200_2024-02-29T18-27-12.jpg,brison,0.2655
force-06_courmettes-160_2024-02-16T08-42-33.jpg,courmettes,0.2655
force-06_courmettes-275_2024-01-29T16-36-12.jpg,courmettes,0.2653
force-06_courmettes-275_2024-02-04T15-22-44.jpg,courmettes,0.2649
force-06_courmettes-212_2024-01-06T14-32-04.jpg,courmettes,0.2646
force-06_valbonne-138_2024-01-13T17-37-19.jpg,valbonne,0.2644
sdis-07_brison-110_2024-02-12T10-10-11.jpg,brison,0.2629
force-06_courmettes-212_2024-01-11T16-31-45.jpg,courmettes,0.2625
sdis-07_brison-200_2024-01-15T16-07-16.jpg,brison,0.2624
force-06_valbonne-349_2024-02-17T17-48-25.jpg,valbonne,0.2616
force-06_courmettes-80_2024-02-15T10-45-40.jpg,courmettes,0.2615
sdis-07_brison-20_2024-02-12T10-21-08.jpg,brison,0.2609
force-06_courmettes-160_2024-04-20T18-04-42.jpg,courmettes,0.2608
sdis-77_croix-augas-161_2024-07-10T08-15-31.jpg,croix-augas,0.2607
force-06_courmettes-212_2024-01-25T14-20-13.jpg,courmettes,0.2606
sdis-77_croix-augas-8_2024-07-09T18-33-28.jpg,croix-augas,0.2598
sdis-77_croix-augas-161_2024-08-08T11-17-27.jpg,croix-augas,0.2594
sdis-07_brison-110_2024-02-24T11-57-14.jpg,brison,0.2594
sdis-07_brison-20_2024-03-08T09-41-32.jpg,brison,0.2593
force-06_courmettes-160_2024-01-19T11-34-00.jpg,courmettes,0.2593
sdis-07_brison-110_2024-01-27T14-48-23.jpg,brison,0.2592
force-06_courmettes-212_2024-01-22T15-32-57.jpg,courmettes,0.2591
force-06_courmettes-160_2024-01-31T08-38-43.jpg,courmettes,0.2575
force-06_courmettes-80_2024-01-10T10-15-10.jpg,courmettes,0.2571
force-06_courmettes-212_2024-01-16T13-32-48.jpg,courmettes,0.257
force-06_courmettes-160_2024-02-12T09-54-49.jpg,courmettes,0.2565
force-06_courmettes-160_2024-01-16T10-05-07.jpg,courmettes,0.2563
sdis-07_brison-290_2024-09-05T11-43-58.jpg,brison,0.2559
force-06_courmettes-160_2024-02-16T08-44-04.jpg,courmettes,0.2555
force-06_courmettes-212_2024-04-20T19-43-17.jpg,courmettes,0.2551
force-06_courmettes-212_2024-09-17T18-45-48.jpg,courmettes,0.2547
force-06_courmettes-212_2024-01-11T16-33-45.jpg,courmettes,0.2542
sdis-07_brison-290_2024-02-07T17-07-24.jpg,brison,0.2538
force-06_courmettes-160_2024-04-03T11-16-19.jpg,courmettes,0.2537
sdis-07_brison-110_2024-01-24T10-53-21.jpg,brison,0.2532
force-06_courmettes-212_2024-01-22T15-11-03.jpg,courmettes,0.2529
force-06_courmettes-160_2024-04-20T18-05-12.jpg,courmettes,0.2527
force-06_courmettes-212_2024-02-07T10-23-55.jpg,courmettes,0.2527
force-06_courmettes-160_2024-04-26T09-18-42.jpg,courmettes,0.2526
force-06_valbonne-349_2024-04-04T18-01-47.jpg,valbonne,0.2525
force-06_courmettes-160_2024-04-20T18-05-43.jpg,courmettes,0.2525
force-06_courmettes-275_2024-01-21T12-58-28.jpg,courmettes,0.2522
sdis-07_brison-200_2024-01-20T16-51-48.jpg,brison,0.2518
sdis-07_brison-290_2024-01-31T14-48-13.jpg,brison,0.2513
sdis-07_brison-200_2024-02-05T16-21-46.jpg,brison,0.2513
force-06_courmettes-212_2024-01-21T12-04-52.jpg,courmettes,0.2512
force-06_courmettes-212_2024-01-26T10-33-31.jpg,courmettes,0.2509
sdis-77_croix-augas-59_2024-07-17T11-08-01.jpg,croix-augas,0.2506
force-06_courmettes-160_2024-01-28T10-24-53.jpg,courmettes,0.2502
sdis-77_croix-augas-59_2024-07-07T08-21-20.jpg,croix-augas,0.2502
force-06_valbonne-138_2024-01-06T11-29-31.jpg,valbonne,0.2498
sdis-07_brison-20_2024-02-24T17-31-50.jpg,brison,0.2495
force-06_courmettes-212_2024-01-26T10-35-32.jpg,courmettes,0.249
sdis-07_brison-200_2024-02-17T15-40-07.jpg,brison,0.249
force-06_courmettes-80_2024-01-08T17-30-01.jpg,courmettes,0.2482
force-06_courmettes-160_2024-04-08T09-50-17.jpg,courmettes,0.2479
sdis-07_brison-290_2024-02-21T08-23-47.jpg,brison,0.2476
sdis-77_croix-augas-161_2024-08-08T11-28-27.jpg,croix-augas,0.2475
force-06_courmettes-275_2024-02-04T10-23-11.jpg,courmettes,0.2471
sdis-77_croix-augas-110_2024-07-14T19-35-36.jpg,croix-augas,0.247
force-06_courmettes-160_2024-04-20T18-07-12.jpg,courmettes,0.247
sdis-07_brison-290_2024-09-05T10-26-40.jpg,brison,0.2469
force-06_valbonne-349_2024-04-04T17-28-18.jpg,valbonne,0.2466
sdis-07_brison-290_2024-02-03T17-38-59.jpg,brison,0.2464
sdis-07_brison-200_2024-01-15T17-41-43.jpg,brison,0.2464
sdis-77_croix-augas-212_2024-09-16T18-46-30.jpg,croix-augas,0.2463
sdis-07_brison-110_2024-03-28T13-05-03.jpg,brison,0.246
sdis-07_brison-200_2024-02-17T15-38-07.jpg,brison,0.246
force-06_valbonne-349_2024-04-04T17-37-46.jpg,valbonne,0.2455
sdis-77_croix-augas-59_2024-07-25T11-27-27.jpg,croix-augas,0.2454
force-06_courmettes-160_2024-01-16T09-54-07.jpg,courmettes,0.245
force-06_courmettes-160_2024-02-27T14-21-31.jpg,courmettes,0.2449
sdis-07_brison-20_2024-02-24T17-31-20.jpg,brison,0.2446
force-06_courmettes-160_2024-01-19T11-33-30.jpg,courmettes,0.2445
sdis-07_brison-110_2024-03-17T09-49-11.jpg,brison,0.2443
force-06_valbonne-138_2024-01-13T17-23-18.jpg,valbonne,0.2441
force-06_valbonne-349_2024-01-23T14-02-03.jpg,valbonne,0.2439
force-06_courmettes-212_2024-08-31T19-17-47.jpg,courmettes,0.2439
force-06_courmettes-275_2024-02-09T17-43-12.jpg,courmettes,0.2438
sdis-77_croix-augas-59_2024-07-10T11-12-46.jpg,croix-augas,0.2436
force-06_courmettes-160_2024-04-03T10-54-19.jpg,courmettes,0.2434
force-06_courmettes-160_2024-01-31T09-37-21.jpg,courmettes,0.2428
force-06_valbonne-138_2024-01-29T10-31-11.jpg,valbonne,0.2419
force-06_courmettes-160_2024-01-31T09-01-43.jpg,courmettes,0.2418
force-06_courmettes-160_2024-01-15T11-42-46.jpg,courmettes,0.2404
sdis-07_brison-200_2024-03-14T16-45-53.jpg,brison,0.2402
force-06_courmettes-160_2024-06-03T21-25-37.jpg,courmettes,0.24
force-06_courmettes-160_2024-04-26T11-03-18.jpg,courmettes,0.2399
sdis-07_brison-200_2024-01-25T17-11-02.jpg,brison,0.2393
sdis-07_brison-200_2024-01-16T15-59-34.jpg,brison,0.2392
sdis-07_brison-200_2024-02-29T14-08-34.jpg,brison,0.2392
force-06_courmettes-212_2024-01-22T14-32-47.jpg,courmettes,0.2391
force-06_courmettes-160_2024-04-26T10-55-48.jpg,courmettes,0.2389
force-06_courmettes-160_2024-04-20T18-09-42.jpg,courmettes,0.2379
sdis-07_brison-290_2024-09-05T10-29-14.jpg,brison,0.2377
sdis-07_brison-200_2024-02-07T18-14-03.jpg,brison,0.2375
force-06_courmettes-160_2024-04-10T18-10-48.jpg,courmettes,0.2373
force-06_courmettes-212_2024-01-24T14-32-16.jpg,courmettes,0.2373
force-06_courmettes-160_2024-01-27T09-53-25.jpg,courmettes,0.237
sdis-07_brison-200_2024-03-02T11-17-31.jpg,brison,0.2366
sdis-77_croix-augas-161_2024-08-15T12-10-47.jpg,croix-augas,0.2366
sdis-07_brison-200_2024-01-26T15-18-13.jpg,brison,0.2366
sdis-77_croix-augas-161_2024-07-25T14-49-41.jpg,croix-augas,0.2357
sdis-07_brison-110_2024-01-28T09-05-34.jpg,brison,0.2354
sdis-07_brison-200_2024-02-19T14-46-12.jpg,brison,0.2352
sdis-07_brison-200_2024-03-06T15-39-51.jpg,brison,0.2349
force-06_courmettes-275_2024-09-17T19-35-34.jpg,courmettes,0.2348
force-06_courmettes-160_2024-02-27T17-14-42.jpg,courmettes,0.2347
force-06_courmettes-160_2024-02-27T17-14-36.jpg,courmettes,0.2347
sdis-07_brison-110_2024-03-28T11-25-40.jpg,brison,0.2332
sdis-77_croix-augas-161_2024-08-08T11-24-58.jpg,croix-augas,0.2332
sdis-07_brison-200_2024-01-22T15-50-50.jpg,brison,0.2326
force-06_courmettes-212_2024-01-24T14-31-47.jpg,courmettes,0.2324
force-06_courmettes-212_2024-02-16T15-10-50.jpg,courmettes,0.2317
force-06_courmettes-275_2024-09-17T18-42-48.jpg,courmettes,0.2317
sdis-77_croix-augas-59_2024-07-17T11-07-35.jpg,croix-augas,0.2314
sdis-07_brison-110_2024-02-12T10-03-44.jpg,brison,0.2314
sdis-07_brison-110_2024-02-12T10-03-38.jpg,brison,0.2314
sdis-77_croix-augas-161_2024-08-08T11-18-26.jpg,croix-augas,0.2314
sdis-07_brison-110_2024-03-16T08-39-32.jpg,brison,0.2311
sdis-07_brison-200_2024-03-14T16-50-53.jpg,brison,0.2311
sdis-77_croix-augas-59_2024-07-03T17-32-03.jpg,croix-augas,0.2309
force-06_courmettes-160_2024-04-20T17-58-11.jpg,courmettes,0.2308
sdis-77_croix-augas-212_2024-08-18T20-10-30.jpg,croix-augas,0.2307
sdis-07_brison-110_2024-03-28T11-26-18.jpg,brison,0.2305
force-06_courmettes-275_2024-01-29T17-34-14.jpg,courmettes,0.2298
force-06_courmettes-160_2024-01-28T10-27-54.jpg,courmettes,0.2292
sdis-07_brison-200_2024-01-25T16-35-54.jpg,brison,0.2292
sdis-07_brison-110_2024-03-28T11-27-29.jpg,brison,0.2287
force-06_courmettes-212_2024-02-17T17-19-51.jpg,courmettes,0.2285
force-06_courmettes-80_2024-01-10T10-16-09.jpg,courmettes,0.2279
sdis-77_croix-augas-110_2024-07-14T19-41-42.jpg,croix-augas,0.2279
sdis-07_brison-20_2024-01-15T15-40-33.jpg,brison,0.2273
sdis-07_brison-110_2024-02-04T10-45-13.jpg,brison,0.2272
sdis-07_brison-200_2024-01-08T16-19-25.jpg,brison,0.2269
sdis-07_brison-200_2024-01-08T16-19-19.jpg,brison,0.2269
force-06_valbonne-138_2024-01-16T08-20-55.jpg,valbonne,0.2266
force-06_valbonne-138_2024-01-29T10-57-46.jpg,valbonne,0.2262
force-06_courmettes-275_2024-02-09T17-43-42.jpg,courmettes,0.2261
force-06_courmettes-212_2024-01-22T15-53-57.jpg,courmettes,0.2258
sdis-07_brison-200_2024-03-16T14-55-26.jpg,brison,0.2254
sdis-77_croix-augas-265_2024-07-20T09-15-50.jpg,croix-augas,0.2248
force-06_courmettes-160_2024-04-20T18-04-13.jpg,courmettes,0.2247
sdis-07_brison-110_2024-02-12T09-57-11.jpg,brison,0.2246
force-06_courmettes-212_2024-01-11T16-40-52.jpg,courmettes,0.2243
force-06_courmettes-160_2024-04-23T09-27-39.jpg,courmettes,0.2242
force-06_courmettes-275_2024-02-24T12-05-15.jpg,courmettes,0.2241
force-06_courmettes-160_2024-04-20T17-59-13.jpg,courmettes,0.2241
sdis-07_brison-110_2024-02-12T09-58-08.jpg,brison,0.224
force-06_courmettes-160_2024-04-20T18-51-13.jpg,courmettes,0.2233
force-06_courmettes-160_2024-01-27T10-45-30.jpg,courmettes,0.2228
sdis-07_brison-200_2024-01-08T14-59-31.jpg,brison,0.2228
sdis-77_croix-augas-8_2024-07-17T19-35-38.jpg,croix-augas,0.2226
sdis-07_brison-200_2024-02-19T16-24-56.jpg,brison,0.2226
sdis-07_brison-20_2024-02-24T17-33-20.jpg,brison,0.2225
force-06_courmettes-160_2024-02-27T13-55-00.jpg,courmettes,0.2222
sdis-07_brison-110_2024-01-04T15-38-23.jpg,brison,0.2218
sdis-07_brison-200_2024-01-25T17-14-42.jpg,brison,0.221
force-06_valbonne-138_2024-01-23T12-56-38.jpg,valbonne,0.2207
force-06_courmettes-160_2024-01-24T11-07-37.jpg,courmettes,0.2204
force-06_courmettes-212_2024-01-12T12-29-33.jpg,courmettes,0.2198
sdis-07_brison-290_2024-02-07T17-06-54.jpg,brison,0.2197
sdis-07_brison-200_2024-02-14T15-55-09.jpg,brison,0.2192
sdis-07_brison-110_2024-03-28T11-29-29.jpg,brison,0.2186
force-06_courmettes-212_2024-01-09T12-18-53.jpg,courmettes,0.2175
force-06_courmettes-160_2024-01-06T10-27-22.jpg,courmettes,0.2173
force-06_courmettes-212_2024-01-24T14-25-46.jpg,courmettes,0.2171
sdis-07_brison-200_2024-02-02T14-39-43.jpg,brison,0.2167
force-06_courmettes-160_2024-02-21T10-38-33.jpg,courmettes,0.2164
force-06_courmettes-212_2024-01-11T17-12-47.jpg,courmettes,0.2163
force-06_courmettes-160_2024-04-22T15-02-22.jpg,courmettes,0.2162
sdis-07_brison-110_2024-03-28T10-32-28.jpg,brison,0.2159
sdis-77_croix-augas-59_2024-07-03T16-18-06.jpg,croix-augas,0.2158
sdis-07_brison-290_2024-01-09T15-45-58.jpg,brison,0.2157
force-06_courmettes-275_2024-09-17T19-36-03.jpg,courmettes,0.2155
force-06_courmettes-160_2024-01-28T10-26-23.jpg,courmettes,0.215
sdis-07_brison-200_2024-01-15T16-07-10.jpg,brison,0.2143
force-06_valbonne-67_2024-02-16T10-18-04.jpg,valbonne,0.2138
sdis-77_croix-augas-161_2024-08-08T11-28-57.jpg,croix-augas,0.2137
sdis-07_brison-110_2024-02-21T14-34-08.jpg,brison,0.2135
sdis-77_croix-augas-212_2024-09-16T18-46-59.jpg,croix-augas,0.2133
sdis-07_brison-110_2024-01-27T14-35-13.jpg,brison,0.2131
sdis-77_croix-augas-265_2024-07-24T15-23-40.jpg,croix-augas,0.2131
sdis-07_brison-200_2024-01-16T13-41-59.jpg,brison,0.2128
sdis-07_brison-200_2024-01-25T17-13-02.jpg,brison,0.2127
sdis-07_brison-200_2024-01-15T16-06-40.jpg,brison,0.2123
force-06_courmettes-212_2024-01-11T16-32-15.jpg,courmettes,0.212
force-06_courmettes-160_2024-01-09T10-11-44.jpg,courmettes,0.2117
force-06_courmettes-160_2024-04-22T14-39-09.jpg,courmettes,0.2117
force-06_courmettes-160_2024-04-22T14-39-18.jpg,courmettes,0.2117
force-06_courmettes-212_2024-01-11T16-36-16.jpg,courmettes,0.2115
force-06_courmettes-212_2024-01-11T16-40-46.jpg,courmettes,0.2112
sdis-07_brison-200_2024-01-25T16-59-17.jpg,brison,0.2107
sdis-07_brison-200_2024-02-14T15-19-32.jpg,brison,0.2103
sdis-07_brison-200_2024-02-02T16-17-53.jpg,brison,0.2101
force-06_courmettes-275_2024-04-27T19-40-00.jpg,courmettes,0.2099
force-06_valbonne-138_2024-01-13T17-22-49.jpg,valbonne,0.2098
force-06_courmettes-212_2024-09-17T18-45-57.jpg,courmettes,0.2096
force-06_courmettes-212_2024-01-26T15-30-41.jpg,courmettes,0.2093
force-06_courmettes-80_2024-01-03T10-51-07.jpg,courmettes,0.2093
sdis-07_brison-110_2024-02-05T09-56-04.jpg,brison,0.2093
force-06_courmettes-80_2024-02-24T09-27-14.jpg,courmettes,0.2092
sdis-77_croix-augas-212_2024-09-16T18-46-31.jpg,croix-augas,0.2091
force-06_courmettes-160_2024-04-26T10-57-48.jpg,courmettes,0.209
force-06_valbonne-138_2024-01-16T08-45-53.jpg,valbonne,0.2089
sdis-07_brison-110_2024-01-24T10-57-51.jpg,brison,0.2085
force-06_valbonne-138_2024-02-27T16-51-33.jpg,valbonne,0.2084
force-06_valbonne-349_2024-04-04T17-49-47.jpg,valbonne,0.2073
force-06_valbonne-349_2024-01-23T14-08-34.jpg,valbonne,0.2073
force-06_courmettes-160_2024-02-12T09-55-13.jpg,courmettes,0.2069
force-06_courmettes-160_2024-02-27T16-13-34.jpg,courmettes,0.2066
force-06_courmettes-212_2024-02-16T15-08-20.jpg,courmettes,0.2062
force-06_courmettes-160_2024-04-03T10-05-49.jpg,courmettes,0.2058
sdis-07_brison-110_2024-02-12T10-09-11.jpg,brison,0.2054
force-06_courmettes-275_2024-01-28T18-11-13.jpg,courmettes,0.2052
sdis-07_brison-200_2024-01-20T16-51-20.jpg,brison,0.2051
sdis-07_brison-200_2024-01-20T17-38-13.jpg,brison,0.205
force-06_courmettes-212_2024-04-09T15-12-17.jpg,courmettes,0.204
sdis-77_croix-augas-59_2024-09-06T10-44-01.jpg,croix-augas,0.2036
force-06_courmettes-80_2024-02-17T10-48-02.jpg,courmettes,0.2035
sdis-77_croix-augas-110_2024-07-14T19-54-50.jpg,croix-augas,0.2025
force-06_courmettes-212_2024-01-15T11-04-45.jpg,courmettes,0.2016
force-06_courmettes-212_2024-02-07T09-07-00.jpg,courmettes,0.2016
force-06_courmettes-212_2024-01-14T16-25-29.jpg,courmettes,0.2014
force-06_valbonne-349_2024-01-09T09-09-21.jpg,valbonne,0.2014
sdis-77_croix-augas-110_2024-08-12T14-21-41.jpg,croix-augas,0.2006
sdis-07_brison-200_2024-01-23T17-27-39.jpg,brison,0.2
sdis-07_brison-110_2024-02-04T11-01-13.jpg,brison,0.2
force-06_courmettes-80_2024-02-24T09-27-00.jpg,courmettes,0.1993
sdis-07_brison-200_2024-01-20T17-39-46.jpg,brison,0.1988
sdis-07_brison-290_2024-09-05T10-26-12.jpg,brison,0.1987
force-06_courmettes-275_2024-01-22T15-11-21.jpg,courmettes,0.1987
force-06_courmettes-275_2024-01-22T15-11-27.jpg,courmettes,0.1987
force-06_courmettes-160_2024-01-26T14-01-07.jpg,courmettes,0.1985
force-06_courmettes-160_2024-04-03T10-04-17.jpg,courmettes,0.1978
sdis-07_brison-200_2024-01-24T14-05-54.jpg,brison,0.1977
sdis-07_brison-20_2024-02-12T08-56-51.jpg,brison,0.1974
force-06_courmettes-212_2024-04-20T19-46-49.jpg,courmettes,0.197
force-06_courmettes-212_2024-01-12T12-34-10.jpg,courmettes,0.1967
force-06_valbonne-138_2024-01-29T09-43-10.jpg,valbonne,0.1966
sdis-07_brison-110_2024-02-12T09-58-29.jpg,brison,0.1965
force-06_valbonne-67_2024-06-25T08-54-21.jpg,valbonne,0.1965
sdis-77_croix-augas-59_2024-07-10T11-06-05.jpg,croix-augas,0.1964
sdis-07_brison-20_2024-01-12T11-06-23.jpg,brison,0.1959
force-06_courmettes-275_2024-01-23T14-05-51.jpg,courmettes,0.1956
force-06_valbonne-349_2024-01-23T14-00-34.jpg,valbonne,0.1954
force-06_courmettes-80_2024-02-15T10-45-42.jpg,courmettes,0.1949
force-06_courmettes-212_2024-09-17T18-46-20.jpg,courmettes,0.1948
sdis-07_brison-110_2024-02-06T09-30-54.jpg,brison,0.1943
force-06_courmettes-212_2024-04-20T19-47-47.jpg,courmettes,0.1943
sdis-07_brison-110_2024-06-13T06-02-46.jpg,brison,0.1943
force-06_valbonne-67_2024-02-05T16-00-26.jpg,valbonne,0.1941
sdis-07_brison-200_2024-01-23T14-14-03.jpg,brison,0.194
force-06_courmettes-160_2024-04-22T15-01-22.jpg,courmettes,0.1935
force-06_courmettes-160_2024-04-20T18-08-42.jpg,courmettes,0.1934
sdis-77_croix-augas-212_2024-08-18T20-14-56.jpg,croix-augas,0.1928
sdis-07_brison-20_2024-02-16T10-41-38.jpg,brison,0.1926
sdis-77_croix-augas-59_2024-07-25T11-31-25.jpg,croix-augas,0.1925
force-06_courmettes-160_2024-06-03T21-18-37.jpg,courmettes,0.1918
sdis-77_croix-augas-110_2024-07-14T19-54-42.jpg,croix-augas,0.1915
force-06_courmettes-160_2024-01-09T16-03-56.jpg,courmettes,0.1911
force-06_courmettes-160_2024-04-26T11-09-56.jpg,courmettes,0.1907
force-06_courmettes-160_2024-04-26T11-10-00.jpg,courmettes,0.1907
sdis-07_brison-200_2024-02-04T17-05-29.jpg,brison,0.1907
force-06_courmettes-160_2024-04-03T08-59-21.jpg,courmettes,0.1907
sdis-07_brison-200_2024-01-22T14-28-46.jpg,brison,0.1906
force-06_valbonne-138_2024-02-27T16-51-31.jpg,valbonne,0.19
force-06_courmettes-160_2024-02-27T14-21-08.jpg,courmettes,0.1898
force-06_courmettes-160_2024-04-26T09-18-13.jpg,courmettes,0.1896
force-06_courmettes-212_2024-01-28T14-00-34.jpg,courmettes,0.1895
sdis-07_brison-290_2024-03-05T16-52-57.jpg,brison,0.1893
force-06_courmettes-212_2024-01-11T16-50-23.jpg,courmettes,0.1892
sdis-07_brison-200_2024-01-08T14-53-13.jpg,brison,0.1888
force-06_courmettes-160_2024-01-16T11-27-19.jpg,courmettes,0.1884
force-06_valbonne-349_2024-01-09T09-08-54.jpg,valbonne,0.1882
sdis-77_croix-augas-220_2024-07-28T19-19-15.jpg,croix-augas,0.1882
force-06_courmettes-160_2024-04-26T09-12-12.jpg,courmettes,0.1872
force-06_courmettes-160_2024-04-03T09-57-46.jpg,courmettes,0.187
sdis-07_brison-20_2024-02-24T17-32-27.jpg,brison,0.1868
sdis-07_brison-20_2024-02-24T17-31-34.jpg,brison,0.1863
sdis-77_croix-augas-161_2024-08-08T11-16-56.jpg,croix-augas,0.1863
force-06_courmettes-160_2024-04-22T14-40-51.jpg,courmettes,0.1861
force-06_courmettes-160_2024-02-13T13-34-45.jpg,courmettes,0.1859
force-06_courmettes-160_2024-04-03T09-37-04.jpg,courmettes,0.1859
sdis-07_brison-290_2024-02-03T14-03-04.jpg,brison,0.1857
sdis-07_brison-200_2024-02-03T15-14-32.jpg,brison,0.1856
force-06_courmettes-160_2024-04-03T10-02-17.jpg,courmettes,0.1855
force-06_valbonne-349_2024-04-04T17-28-16.jpg,valbonne,0.1851
force-06_courmettes-160_2024-04-23T09-26-00.jpg,courmettes,0.1851
sdis-07_brison-200_2024-02-29T18-26-51.jpg,brison,0.1851
sdis-07_brison-200_2024-02-29T18-26-44.jpg,brison,0.1851
force-06_courmettes-160_2024-01-26T14-24-35.jpg,courmettes,0.1845
force-06_courmettes-160_2024-04-23T09-29-31.jpg,courmettes,0.1842
force-06_courmettes-212_2024-01-06T14-32-34.jpg,courmettes,0.184
sdis-07_brison-110_2024-01-28T09-06-37.jpg,brison,0.184
sdis-07_brison-200_2024-01-25T16-40-54.jpg,brison,0.1834
force-06_courmettes-160_2024-04-03T10-43-51.jpg,courmettes,0.1834
force-06_courmettes-212_2024-01-24T14-24-46.jpg,courmettes,0.1833
force-06_courmettes-212_2024-04-20T19-46-18.jpg,courmettes,0.1832
sdis-77_croix-augas-59_2024-07-10T11-12-02.jpg,croix-augas,0.1827
sdis-07_brison-110_2024-03-12T09-27-22.jpg,brison,0.1825
force-06_valbonne-349_2024-01-23T14-01-34.jpg,valbonne,0.1825
force-06_valbonne-138_2024-01-31T12-25-27.jpg,valbonne,0.1824
sdis-07_brison-20_2024-02-12T09-14-20.jpg,brison,0.1823
force-06_courmettes-275_2024-09-17T18-47-24.jpg,courmettes,0.1822
force-06_valbonne-349_2024-01-24T09-17-25.jpg,valbonne,0.1816
force-06_courmettes-160_2024-04-20T16-55-39.jpg,courmettes,0.1814
force-06_courmettes-160_2024-04-20T18-06-42.jpg,courmettes,0.1813
force-06_courmettes-160_2024-01-11T11-01-08.jpg,courmettes,0.1806
force-06_courmettes-212_2024-02-18T16-22-44.jpg,courmettes,0.1803
force-06_courmettes-160_2024-04-03T10-03-48.jpg,courmettes,0.1803
force-06_valbonne-67_2024-02-21T10-24-06.jpg,valbonne,0.1801
sdis-07_brison-200_2024-01-25T16-58-53.jpg,brison,0.1795
force-06_courmettes-160_2024-04-03T09-40-16.jpg,courmettes,0.1795
sdis-07_brison-110_2024-01-24T10-56-05.jpg,brison,0.1789
force-06_courmettes-275_2024-02-17T17-45-26.jpg,courmettes,0.1776
force-06_valbonne-138_2024-01-09T11-13-01.jpg,valbonne,0.1774
sdis-07_brison-20_2024-02-12T16-31-20.jpg,brison,0.1772
sdis-07_brison-110_2024-01-26T11-27-56.jpg,brison,0.1772
sdis-07_brison-200_2024-02-01T16-55-26.jpg,brison,0.1765
force-06_courmettes-275_2024-02-24T16-58-54.jpg,courmettes,0.1762
force-06_courmettes-80_2024-02-24T09-35-00.jpg,courmettes,0.1761
force-06_courmettes-212_2024-01-24T14-31-24.jpg,courmettes,0.176
force-06_courmettes-160_2024-04-26T10-59-48.jpg,courmettes,0.1759
sdis-07_brison-110_2024-01-24T10-53-58.jpg,brison,0.1753
force-06_valbonne-138_2024-01-13T17-29-49.jpg,valbonne,0.175
force-06_valbonne-67_2024-02-16T10-17-35.jpg,valbonne,0.1749
force-06_courmettes-275_2024-02-05T09-18-05.jpg,courmettes,0.1748
sdis-07_brison-110_2024-03-01T11-14-16.jpg,brison,0.1742
force-06_courmettes-275_2024-02-09T17-14-12.jpg,courmettes,0.1739
sdis-77_croix-augas-110_2024-08-12T14-45-46.jpg,croix-augas,0.1735
force-06_courmettes-80_2024-01-10T10-15-09.jpg,courmettes,0.1734
force-06_valbonne-138_2024-01-16T08-45-52.jpg,valbonne,0.1732
sdis-07_brison-200_2024-01-20T17-39-23.jpg,brison,0.1725
force-06_courmettes-160_2024-01-16T09-54-15.jpg,courmettes,0.1723
force-06_courmettes-160_2024-04-26T11-27-48.jpg,courmettes,0.1722
sdis-77_croix-augas-161_2024-08-08T11-40-30.jpg,croix-augas,0.172
sdis-07_brison-20_2024-01-26T14-14-41.jpg,brison,0.1716
sdis-77_croix-augas-161_2024-08-08T11-16-26.jpg,croix-augas,0.1712
force-06_valbonne-138_2024-01-06T14-34-08.jpg,valbonne,0.171
force-06_valbonne-138_2024-04-23T09-49-45.jpg,valbonne,0.1709
force-06_courmettes-212_2024-01-16T09-49-39.jpg,courmettes,0.1708
sdis-07_brison-200_2024-01-15T17-42-16.jpg,brison,0.1702
sdis-07_brison-200_2024-01-15T17-42-20.jpg,brison,0.1702
force-06_valbonne-138_2024-01-16T08-21-13.jpg,valbonne,0.17
force-06_courmettes-160_2024-04-20T18-07-42.jpg,courmettes,0.17
force-06_valbonne-138_2024-04-23T09-49-48.jpg,valbonne,0.1697
sdis-07_brison-110_2024-03-28T10-28-28.jpg,brison,0.1692
force-06_valbonne-349_2024-04-04T17-49-26.jpg,valbonne,0.1692
force-06_courmettes-160_2024-02-18T11-44-31.jpg,courmettes,0.1691
sdis-07_brison-110_2024-02-16T14-37-47.jpg,brison,0.1686
sdis-07_brison-200_2024-01-20T17-37-54.jpg,brison,0.1683
sdis-77_croix-augas-59_2024-07-03T16-17-35.jpg,croix-augas,0.1683
force-06_courmettes-160_2024-04-03T10-15-18.jpg,courmettes,0.1676
sdis-77_croix-augas-110_2024-07-30T13-54-48.jpg,croix-augas,0.1675
sdis-07_brison-20_2024-01-12T11-26-31.jpg,brison,0.167
force-06_valbonne-67_2024-02-21T10-19-36.jpg,valbonne,0.167
force-06_courmettes-275_2024-02-17T17-45-57.jpg,courmettes,0.1664
sdis-07_brison-110_2024-01-24T11-05-05.jpg,brison,0.1664
force-06_courmettes-160_2024-04-03T10-44-18.jpg,courmettes,0.166
sdis-07_brison-200_2024-02-20T15-57-32.jpg,brison,0.1657
force-06_courmettes-160_2024-01-16T09-55-06.jpg,courmettes,0.1655
force-06_courmettes-212_2024-01-09T12-19-51.jpg,courmettes,0.1654
sdis-07_brison-200_2024-01-15T17-42-09.jpg,brison,0.1652
sdis-07_brison-200_2024-01-15T17-42-13.jpg,brison,0.1652
force-06_courmettes-160_2024-04-20T18-08-12.jpg,courmettes,0.165
force-06_courmettes-160_2024-04-26T11-16-30.jpg,courmettes,0.1648
force-06_courmettes-275_2024-02-04T15-22-55.jpg,courmettes,0.1641
force-06_courmettes-275_2024-02-24T16-59-25.jpg,courmettes,0.1639
sdis-07_brison-200_2024-01-20T17-35-16.jpg,brison,0.1638
force-06_courmettes-212_2024-01-12T12-44-44.jpg,courmettes,0.1637
sdis-07_brison-200_2024-01-20T17-24-46.jpg,brison,0.163
sdis-07_brison-110_2024-01-28T09-05-14.jpg,brison,0.1627
sdis-07_brison-200_2024-03-06T15-40-13.jpg,brison,0.1618
sdis-07_brison-200_2024-01-21T14-30-59.jpg,brison,0.1617
force-06_courmettes-160_2024-04-03T10-43-45.jpg,courmettes,0.1616
sdis-77_croix-augas-110_2024-08-12T14-41-36.jpg,croix-augas,0.1616
sdis-77_croix-augas-59_2024-07-25T10-53-16.jpg,croix-augas,0.1614
force-06_courmettes-212_2024-01-22T15-22-01.jpg,courmettes,0.1612
force-06_courmettes-275_2024-01-29T16-02-09.jpg,courmettes,0.1611
force-06_courmettes-160_2024-06-01T08-58-30.jpg,courmettes,0.1609
force-06_courmettes-212_2024-01-30T09-18-28.jpg,courmettes,0.1606
sdis-07_brison-200_2024-02-07T16-14-29.jpg,brison,0.1603
sdis-07_brison-200_2024-02-02T16-21-16.jpg,brison,0.1594
sdis-07_brison-110_2024-07-26T08-55-35.jpg,brison,0.1593
sdis-77_croix-augas-59_2024-07-03T12-00-32.jpg,croix-augas,0.1591
sdis-07_brison-110_2024-03-27T12-11-29.jpg,brison,0.1589
force-06_courmettes-160_2024-01-19T11-33-32.jpg,courmettes,0.1588
force-06_courmettes-212_2024-04-20T09-10-13.jpg,courmettes,0.1588
force-06_valbonne-138_2024-02-01T12-59-05.jpg,valbonne,0.1587
sdis-07_brison-200_2024-02-14T16-30-41.jpg,brison,0.1587
sdis-07_brison-200_2024-01-20T17-38-28.jpg,brison,0.1586
force-06_valbonne-67_2024-02-21T10-18-45.jpg,valbonne,0.1585
sdis-07_brison-110_2024-03-01T11-21-47.jpg,brison,0.1579
force-06_courmettes-212_2024-02-02T11-16-46.jpg,courmettes,0.1578
sdis-07_brison-200_2024-01-25T17-15-55.jpg,brison,0.1577
force-06_courmettes-160_2024-02-19T12-04-59.jpg,courmettes,0.157
sdis-77_croix-augas-161_2024-08-08T11-17-57.jpg,croix-augas,0.1569
sdis-07_brison-200_2024-01-16T13-44-59.jpg,brison,0.1567
force-06_courmettes-160_2024-01-02T11-51-28.jpg,courmettes,0.1564
sdis-07_brison-200_2024-03-06T10-42-27.jpg,brison,0.1561
force-06_courmettes-160_2024-04-20T18-09-12.jpg,courmettes,0.156
force-06_valbonne-138_2024-01-16T08-14-20.jpg,valbonne,0.1558
force-06_valbonne-138_2024-01-16T08-21-24.jpg,valbonne,0.1557
sdis-77_croix-augas-110_2024-08-12T14-21-19.jpg,croix-augas,0.1555
force-06_courmettes-212_2024-01-11T16-41-15.jpg,courmettes,0.1552
sdis-77_croix-augas-161_2024-08-08T11-19-27.jpg,croix-augas,0.155
sdis-07_brison-200_2024-02-29T13-18-10.jpg,brison,0.1546
force-06_courmettes-160_2024-04-03T10-55-19.jpg,courmettes,0.1544
force-06_valbonne-67_2024-02-21T10-20-06.jpg,valbonne,0.1539
force-06_valbonne-67_2024-06-25T08-53-21.jpg,valbonne,0.1535
force-06_courmettes-275_2024-01-28T18-04-44.jpg,courmettes,0.1533
sdis-07_brison-110_2024-02-20T09-33-01.jpg,brison,0.1532
force-06_courmettes-160_2024-02-12T09-54-44.jpg,courmettes,0.153
sdis-07_brison-200_2024-02-29T12-52-39.jpg,brison,0.1528
sdis-07_brison-200_2024-02-29T12-52-32.jpg,brison,0.1528
sdis-07_brison-110_2024-03-12T09-48-26.jpg,brison,0.1525
force-06_courmettes-212_2024-01-16T13-37-48.jpg,courmettes,0.1521
sdis-07_brison-290_2024-02-03T14-29-07.jpg,brison,0.152
force-06_courmettes-160_2024-02-27T16-10-48.jpg,courmettes,0.152
force-06_courmettes-160_2024-02-27T14-21-14.jpg,courmettes,0.1502
force-06_valbonne-138_2024-04-23T09-44-14.jpg,valbonne,0.1501
sdis-07_brison-110_2024-02-12T08-54-09.jpg,brison,0.15
force-06_valbonne-138_2024-01-06T14-33-38.jpg,valbonne,0.1497
force-06_courmettes-160_2024-01-16T09-56-06.jpg,courmettes,0.1495
force-06_courmettes-212_2024-01-22T15-21-32.jpg,courmettes,0.1495
force-06_courmettes-160_2024-04-26T11-25-48.jpg,courmettes,0.1495
force-06_courmettes-275_2024-09-17T16-35-31.jpg,courmettes,0.1495
sdis-07_brison-200_2024-02-20T15-56-24.jpg,brison,0.1493
sdis-07_brison-200_2024-01-20T17-25-46.jpg,brison,0.1491
sdis-07_brison-110_2024-03-28T09-01-56.jpg,brison,0.1489
sdis-07_brison-110_2024-03-01T11-25-17.jpg,brison,0.1488
force-06_courmettes-160_2024-04-23T10-11-32.jpg,courmettes,0.1487
sdis-07_brison-200_2024-01-25T16-41-02.jpg,brison,0.1487
force-06_courmettes-212_2024-01-22T15-32-27.jpg,courmettes,0.1485
force-06_courmettes-275_2024-09-17T18-52-25.jpg,courmettes,0.1484
sdis-07_brison-110_2024-02-12T09-59-14.jpg,brison,0.1478
force-06_courmettes-275_2024-01-28T15-53-09.jpg,courmettes,0.1477
force-06_courmettes-275_2024-01-28T15-53-03.jpg,courmettes,0.1477
sdis-07_brison-200_2024-02-02T14-38-44.jpg,brison,0.1476
force-06_courmettes-212_2024-01-11T16-30-48.jpg,courmettes,0.1473
sdis-07_brison-200_2024-02-20T15-56-54.jpg,brison,0.147
sdis-07_brison-200_2024-02-20T17-15-40.jpg,brison,0.147
sdis-07_brison-110_2024-03-27T12-09-42.jpg,brison,0.1467
sdis-07_brison-200_2024-02-20T15-56-08.jpg,brison,0.1464
sdis-77_croix-augas-161_2024-08-08T12-23-48.jpg,croix-augas,0.1461
sdis-07_brison-200_2024-02-20T18-28-36.jpg,brison,0.146
force-06_valbonne-138_2024-02-22T17-19-29.jpg,valbonne,0.1456
force-06_courmettes-160_2024-01-09T10-13-14.jpg,courmettes,0.1455
sdis-07_brison-200_2024-01-20T17-34-46.jpg,brison,0.1455
sdis-07_brison-200_2024-03-17T17-19-57.jpg,brison,0.1455
force-06_courmettes-160_2024-04-26T11-01-18.jpg,courmettes,0.1454
force-06_courmettes-212_2024-04-03T10-06-59.jpg,courmettes,0.1448
force-06_valbonne-138_2024-04-23T09-52-44.jpg,valbonne,0.1447
sdis-77_croix-augas-161_2024-08-08T11-14-56.jpg,croix-augas,0.1447
sdis-77_croix-augas-110_2024-08-12T14-40-40.jpg,croix-augas,0.1445
force-06_courmettes-275_2024-02-24T16-59-55.jpg,courmettes,0.1437
sdis-77_croix-augas-8_2024-07-17T19-37-42.jpg,croix-augas,0.1434
sdis-77_croix-augas-161_2024-07-25T14-49-12.jpg,croix-augas,0.1433
sdis-07_brison-110_2024-03-01T11-12-47.jpg,brison,0.1431
sdis-07_brison-110_2024-03-01T08-58-58.jpg,brison,0.143
force-06_courmettes-160_2024-04-26T11-25-54.jpg,courmettes,0.1424
sdis-77_croix-augas-59_2024-07-07T10-11-49.jpg,croix-augas,0.1422
force-06_courmettes-212_2024-01-11T17-12-53.jpg,courmettes,0.1418
force-06_courmettes-212_2024-01-11T17-12-50.jpg,courmettes,0.1418
force-06_courmettes-160_2024-02-12T10-25-43.jpg,courmettes,0.1417
force-06_valbonne-138_2024-04-23T09-41-14.jpg,valbonne,0.1415
sdis-07_brison-110_2024-02-12T10-25-49.jpg,brison,0.1415
force-06_courmettes-160_2024-04-08T09-21-47.jpg,courmettes,0.1408
sdis-77_croix-augas-8_2024-07-15T15-47-36.jpg,croix-augas,0.1408
sdis-07_brison-200_2024-02-11T11-59-27.jpg,brison,0.1393
sdis-77_croix-augas-265_2024-07-24T15-22-10.jpg,croix-augas,0.1393
force-06_courmettes-212_2024-01-26T15-30-10.jpg,courmettes,0.1392
sdis-07_brison-110_2024-01-27T09-22-16.jpg,brison,0.1391
sdis-77_croix-augas-265_2024-08-03T12-15-50.jpg,croix-augas,0.1389
sdis-07_brison-200_2024-02-02T14-39-14.jpg,brison,0.1388
force-06_courmettes-160_2024-01-31T09-43-15.jpg,courmettes,0.1387
sdis-07_brison-110_2024-02-12T10-03-51.jpg,brison,0.1386
sdis-77_croix-augas-110_2024-07-22T12-13-28.jpg,croix-augas,0.1381
force-06_courmettes-212_2024-01-29T16-15-09.jpg,courmettes,0.1379
force-06_courmettes-160_2024-01-06T10-29-23.jpg,courmettes,0.1374
force-06_valbonne-223_2024-01-31T14-24-27.jpg,valbonne,0.1373
force-06_valbonne-349_2024-02-21T16-47-53.jpg,valbonne,0.1373
sdis-07_brison-200_2024-01-22T14-28-40.jpg,brison,0.1371
sdis-07_brison-200_2024-01-22T14-28-34.jpg,brison,0.1371
force-06_valbonne-138_2024-01-13T17-27-48.jpg,valbonne,0.137
sdis-07_brison-110_2024-03-01T08-40-20.jpg,brison,0.137
force-06_valbonne-67_2024-02-21T10-20-36.jpg,valbonne,0.1369
sdis-07_brison-200_2024-01-15T17-42-06.jpg,brison,0.1368
force-06_courmettes-212_2024-01-22T15-31-57.jpg,courmettes,0.1364
sdis-07_brison-200_2024-02-07T17-31-31.jpg,brison,0.1364
sdis-07_brison-200_2024-01-29T15-15-53.jpg,brison,0.1363
sdis-07_brison-110_2024-02-05T08-56-02.jpg,brison,0.1362
force-06_courmettes-160_2024-02-28T10-52-56.jpg,courmettes,0.1359
sdis-07_brison-110_2024-02-12T08-53-42.jpg,brison,0.1357
sdis-77_croix-augas-110_2024-08-26T19-37-28.jpg,croix-augas,0.1356
force-06_valbonne-138_2024-04-23T09-47-14.jpg,valbonne,0.1353
sdis-77_croix-augas-110_2024-08-12T14-44-45.jpg,croix-augas,0.1352
sdis-77_croix-augas-161_2024-07-01T07-47-37.jpg,croix-augas,0.1351
sdis-77_croix-augas-161_2024-07-01T07-47-12.jpg,croix-augas,0.1351
sdis-77_croix-augas-265_2024-07-20T09-20-20.jpg,croix-augas,0.1348
force-06_courmettes-212_2024-02-16T14-49-50.jpg,courmettes,0.1345
sdis-77_croix-augas-59_2024-07-25T10-54-32.jpg,croix-augas,0.1345
sdis-77_croix-augas-59_2024-07-25T10-54-58.jpg,croix-augas,0.1345
force-06_courmettes-80_2024-01-03T10-53-00.jpg,courmettes,0.1343
force-06_courmettes-160_2024-02-27T16-11-05.jpg,courmettes,0.1335
sdis-07_brison-200_2024-09-03T16-40-50.jpg,brison,0.1331
force-06_courmettes-160_2024-01-16T11-28-16.jpg,courmettes,0.1324
sdis-77_croix-augas-212_2024-08-18T20-10-29.jpg,croix-augas,0.1322
force-06_courmettes-275_2024-09-17T19-32-36.jpg,courmettes,0.1321
force-06_valbonne-67_2024-06-25T09-01-21.jpg,valbonne,0.132
sdis-07_brison-200_2024-03-05T16-23-23.jpg,brison,0.1313
force-06_courmettes-160_2024-01-31T09-37-23.jpg,courmettes,0.1305
force-06_courmettes-80_2024-02-24T10-39-33.jpg,courmettes,0.1304
force-06_courmettes-80_2024-02-24T10-39-03.jpg,courmettes,0.1303
force-06_courmettes-212_2024-01-11T16-50-45.jpg,courmettes,0.1301
force-06_courmettes-275_2024-09-17T19-33-35.jpg,courmettes,0.1298
sdis-77_croix-augas-59_2024-07-19T12-10-46.jpg,croix-augas,0.1295
sdis-07_brison-200_2024-01-20T17-39-16.jpg,brison,0.129
force-06_courmettes-275_2024-01-28T17-50-45.jpg,courmettes,0.1288
sdis-07_brison-110_2024-01-24T10-52-51.jpg,brison,0.1286
sdis-07_brison-110_2024-03-17T09-48-41.jpg,brison,0.1283
force-06_courmettes-160_2024-02-16T08-47-03.jpg,courmettes,0.1279
force-06_courmettes-212_2024-09-17T18-46-51.jpg,courmettes,0.1277
force-06_courmettes-160_2024-01-24T11-26-45.jpg,courmettes,0.1277
force-06_courmettes-160_2024-02-27T16-53-05.jpg,courmettes,0.1273
sdis-07_brison-110_2024-02-12T10-03-25.jpg,brison,0.1272
sdis-77_croix-augas-161_2024-08-08T11-24-27.jpg,croix-augas,0.1265
sdis-07_brison-200_2024-02-20T15-56-14.jpg,brison,0.1264
force-06_courmettes-275_2024-02-24T12-04-54.jpg,courmettes,0.1264
sdis-77_croix-augas-59_2024-09-07T10-18-18.jpg,croix-augas,0.1263
force-06_courmettes-160_2024-01-16T11-27-27.jpg,courmettes,0.1256
sdis-07_brison-110_2024-03-01T11-13-18.jpg,brison,0.1249
force-06_courmettes-160_2024-04-20T18-06-11.jpg,courmettes,0.1248
sdis-07_brison-200_2024-03-14T16-49-00.jpg,brison,0.1248
sdis-07_brison-39_2024-09-21T17-01-32.jpg,brison,0.1247
force-06_courmettes-80_2024-09-07T11-41-31.jpg,courmettes,0.1246
force-06_courmettes-212_2024-08-15T07-19-25.jpg,courmettes,0.1246
force-06_courmettes-160_2024-01-16T09-10-05.jpg,courmettes,0.1244
sdis-07_brison-110_2024-02-23T12-17-22.jpg,brison,0.1242
sdis-07_brison-200_2024-03-02T11-16-32.jpg,brison,0.1236
sdis-07_brison-200_2024-03-28T18-31-46.jpg,brison,0.1234
sdis-07_brison-200_2024-08-26T12-00-58.jpg,brison,0.1234
force-06_courmettes-212_2024-01-24T14-33-17.jpg,courmettes,0.1223
sdis-07_brison-20_2024-01-04T15-26-12.jpg,brison,0.1222
sdis-07_brison-20_2024-01-12T10-50-16.jpg,brison,0.1221
force-06_courmettes-212_2024-01-09T12-20-51.jpg,courmettes,0.1218
sdis-07_brison-200_2024-02-14T15-18-17.jpg,brison,0.1216
force-06_courmettes-80_2024-02-24T10-01-31.jpg,courmettes,0.1214
force-06_valbonne-67_2024-02-21T10-23-36.jpg,valbonne,0.1213
sdis-07_brison-200_2024-02-17T15-36-30.jpg,brison,0.1213
sdis-07_brison-20_2024-02-12T10-26-15.jpg,brison,0.1211
force-06_courmettes-160_2024-04-03T08-34-46.jpg,courmettes,0.1209
sdis-07_brison-20_2024-03-08T10-51-57.jpg,brison,0.1206
force-06_courmettes-80_2024-01-16T09-52-10.jpg,courmettes,0.1205
force-06_courmettes-212_2024-01-11T16-40-45.jpg,courmettes,0.1204
force-06_valbonne-138_2024-02-15T10-57-54.jpg,valbonne,0.1204
sdis-77_croix-augas-161_2024-08-15T12-33-04.jpg,croix-augas,0.1201
force-06_courmettes-212_2024-09-17T18-29-11.jpg,courmettes,0.1197
force-06_courmettes-160_2024-01-16T09-09-35.jpg,courmettes,0.1195
sdis-07_brison-110_2024-01-27T14-35-43.jpg,brison,0.1195
sdis-07_brison-110_2024-02-12T10-25-42.jpg,brison,0.1195
sdis-07_brison-110_2024-06-13T06-00-46.jpg,brison,0.1194
force-06_valbonne-67_2024-02-21T10-24-36.jpg,valbonne,0.1191
force-06_courmettes-275_2024-02-09T16-03-10.jpg,courmettes,0.1189
sdis-77_croix-augas-59_2024-07-25T11-31-33.jpg,croix-augas,0.1186
sdis-07_brison-200_2024-01-25T17-11-32.jpg,brison,0.1183
force-06_valbonne-138_2024-02-27T16-58-32.jpg,valbonne,0.1183
force-06_courmettes-160_2024-01-16T09-54-36.jpg,courmettes,0.1179
force-06_valbonne-138_2024-01-06T14-30-39.jpg,valbonne,0.1179
force-06_courmettes-275_2024-01-28T15-55-11.jpg,courmettes,0.1178
sdis-07_brison-110_2024-03-17T10-01-11.jpg,brison,0.1177
force-06_courmettes-212_2024-01-06T14-52-04.jpg,courmettes,0.1176
sdis-77_croix-augas-161_2024-08-08T11-21-27.jpg,croix-augas,0.1176
force-06_valbonne-349_2024-01-09T09-08-58.jpg,valbonne,0.1175
sdis-07_brison-110_2024-03-28T13-16-35.jpg,brison,0.1172
sdis-07_brison-110_2024-02-12T10-07-55.jpg,brison,0.117
sdis-77_croix-augas-316_2024-09-15T12-45-19.jpg,croix-augas,0.1167
force-06_courmettes-160_2024-01-02T12-12-29.jpg,courmettes,0.1167
sdis-07_brison-200_2024-01-25T17-35-18.jpg,brison,0.1165
force-06_valbonne-138_2024-01-16T07-48-10.jpg,valbonne,0.1161
sdis-07_brison-110_2024-01-28T09-05-07.jpg,brison,0.116
force-06_courmettes-212_2024-01-22T15-33-27.jpg,courmettes,0.1155
sdis-07_brison-20_2024-01-12T10-24-46.jpg,brison,0.1152
sdis-07_brison-110_2024-01-24T10-55-28.jpg,brison,0.1151
sdis-07_brison-20_2024-01-31T14-44-37.jpg,brison,0.115
sdis-77_croix-augas-59_2024-07-19T11-44-49.jpg,croix-augas,0.1149
force-06_courmettes-80_2024-02-24T08-53-28.jpg,courmettes,0.1149
sdis-07_brison-200_2024-01-22T14-29-10.jpg,brison,0.1147
sdis-07_brison-290_2024-01-10T10-13-13.jpg,brison,0.1146
force-06_courmettes-160_2024-01-11T10-33-01.jpg,courmettes,0.114
sdis-07_brison-110_2024-06-13T06-01-43.jpg,brison,0.114
force-06_courmettes-160_2024-01-19T11-07-30.jpg,courmettes,0.1138
sdis-07_brison-20_2024-01-31T09-36-00.jpg,brison,0.1137
force-06_courmettes-160_2024-01-24T10-41-38.jpg,courmettes,0.1137
force-06_courmettes-160_2024-01-27T09-57-55.jpg,courmettes,0.1133
sdis-77_croix-augas-161_2024-08-08T12-46-56.jpg,croix-augas,0.113
sdis-07_brison-200_2024-01-25T16-38-17.jpg,brison,0.1127
sdis-77_croix-augas-161_2024-08-08T11-19-57.jpg,croix-augas,0.1126
sdis-07_brison-200_2024-02-20T16-53-26.jpg,brison,0.112
force-06_valbonne-138_2024-06-13T10-39-24.jpg,valbonne,0.1118
force-06_courmettes-160_2024-06-22T18-19-11.jpg,courmettes,0.1118
sdis-77_croix-augas-161_2024-08-05T07-32-24.jpg,croix-augas,0.1117
sdis-77_croix-augas-265_2024-09-06T09-32-41.jpg,croix-augas,0.1116
force-06_valbonne-138_2024-01-31T11-59-54.jpg,valbonne,0.1115
force-06_courmettes-212_2024-01-12T09-19-28.jpg,courmettes,0.1114
force-06_valbonne-349_2024-04-04T17-28-33.jpg,valbonne,0.1113
sdis-07_brison-200_2024-01-29T15-14-54.jpg,brison,0.1111
sdis-07_brison-110_2024-02-05T08-41-32.jpg,brison,0.111
force-06_courmettes-80_2024-02-17T10-47-31.jpg,courmettes,0.1102
force-06_courmettes-212_2024-01-14T14-15-27.jpg,courmettes,0.1101
sdis-07_brison-110_2024-02-12T10-08-42.jpg,brison,0.1097
sdis-07_brison-110_2024-02-05T14-07-36.jpg,brison,0.1096
force-06_courmettes-80_2024-01-10T10-59-40.jpg,courmettes,0.1095
force-06_courmettes-160_2024-01-19T11-36-00.jpg,courmettes,0.1095
force-06_courmettes-160_2024-04-26T11-16-25.jpg,courmettes,0.1095
force-06_courmettes-160_2024-01-16T11-05-09.jpg,courmettes,0.1087
force-06_courmettes-212_2024-01-06T14-52-35.jpg,courmettes,0.1087
sdis-77_croix-augas-161_2024-08-08T12-53-53.jpg,croix-augas,0.1087
sdis-77_croix-augas-161_2024-08-08T11-15-57.jpg,croix-augas,0.1086
force-06_courmettes-212_2024-02-16T14-45-51.jpg,courmettes,0.1075
force-06_courmettes-160_2024-01-16T09-57-07.jpg,courmettes,0.1073
force-06_courmettes-212_2024-01-16T09-51-09.jpg,courmettes,0.1073
sdis-07_brison-200_2024-02-07T15-59-36.jpg,brison,0.107
sdis-07_brison-200_2024-02-07T15-59-29.jpg,brison,0.107
force-06_courmettes-212_2024-01-11T17-15-16.jpg,courmettes,0.1069
force-06_courmettes-160_2024-06-07T09-31-57.jpg,courmettes,0.1068
sdis-77_croix-augas-161_2024-08-08T11-22-26.jpg,croix-augas,0.1068
force-06_valbonne-349_2024-04-04T17-38-17.jpg,valbonne,0.1066
force-06_courmettes-160_2024-04-26T11-16-23.jpg,courmettes,0.1064
sdis-07_brison-290_2024-09-05T11-16-38.jpg,brison,0.1062
sdis-77_croix-augas-161_2024-08-08T11-21-57.jpg,croix-augas,0.1062
sdis-07_brison-200_2024-01-20T17-38-20.jpg,brison,0.106
sdis-07_brison-200_2024-02-02T14-42-14.jpg,brison,0.106
force-06_valbonne-138_2024-01-13T17-29-18.jpg,valbonne,0.1059
force-06_courmettes-212_2024-01-16T09-50-05.jpg,courmettes,0.1059
force-06_courmettes-160_2024-01-24T11-27-37.jpg,courmettes,0.1052
sdis-07_brison-110_2024-01-24T10-52-44.jpg,brison,0.1052
sdis-07_brison-110_2024-03-18T10-41-18.jpg,brison,0.105
force-06_courmettes-212_2024-01-22T14-32-30.jpg,courmettes,0.1046
sdis-77_croix-augas-161_2024-09-12T07-46-44.jpg,croix-augas,0.1044
sdis-77_croix-augas-8_2024-07-09T18-38-44.jpg,croix-augas,0.1041
force-06_courmettes-160_2024-01-27T09-56-26.jpg,courmettes,0.1039
sdis-07_brison-20_2024-01-12T10-41-16.jpg,brison,0.1035
force-06_courmettes-160_2024-01-16T10-06-07.jpg,courmettes,0.1032
force-06_courmettes-275_2024-02-09T17-02-40.jpg,courmettes,0.1024
sdis-07_brison-110_2024-02-12T15-01-20.jpg,brison,0.1023
sdis-77_croix-augas-161_2024-08-08T11-40-37.jpg,croix-augas,0.1023
force-06_courmettes-80_2024-02-21T09-55-51.jpg,courmettes,0.1022
force-06_courmettes-80_2024-02-21T09-55-44.jpg,courmettes,0.1022
force-06_valbonne-138_2024-01-29T09-42-40.jpg,valbonne,0.1021
sdis-07_brison-200_2024-01-01T12-50-46.jpg,brison,0.102
sdis-07_brison-110_2024-02-04T11-37-14.jpg,brison,0.102
sdis-07_brison-290_2024-09-05T10-27-40.jpg,brison,0.1011
force-06_courmettes-275_2024-02-09T17-40-49.jpg,courmettes,0.1009
force-06_courmettes-160_2024-01-16T09-21-37.jpg,courmettes,0.1008
sdis-07_brison-200_2024-03-19T15-52-44.jpg,brison,0.1008
force-06_courmettes-160_2024-02-17T10-59-34.jpg,courmettes,0.1004
force-06_courmettes-212_2024-09-17T18-47-21.jpg,courmettes,0.0998
force-06_valbonne-349_2024-04-04T17-37-19.jpg,valbonne,0.0994
force-06_courmettes-212_2024-01-22T15-24-31.jpg,courmettes,0.0994
force-06_courmettes-212_2024-01-22T15-24-27.jpg,courmettes,0.0994
force-06_valbonne-138_2024-04-23T09-51-14.jpg,valbonne,0.0994
force-06_courmettes-160_2024-04-26T11-47-04.jpg,courmettes,0.0994
force-06_courmettes-160_2024-01-16T09-11-05.jpg,courmettes,0.0994
force-06_courmettes-160_2024-04-26T11-01-48.jpg,courmettes,0.0992
force-06_courmettes-212_2024-01-22T15-40-27.jpg,courmettes,0.0992
sdis-07_brison-290_2024-03-08T10-37-06.jpg,brison,0.0992
sdis-07_brison-290_2024-09-05T11-48-05.jpg,brison,0.0991
force-06_courmettes-160_2024-01-24T10-42-39.jpg,courmettes,0.0991
sdis-07_brison-200_2024-02-07T17-32-09.jpg,brison,0.099
sdis-07_brison-200_2024-02-07T17-32-02.jpg,brison,0.099
sdis-77_croix-augas-161_2024-07-25T08-40-18.jpg,croix-augas,0.0989
sdis-07_brison-110_2024-02-12T09-58-46.jpg,brison,0.0988
sdis-07_brison-110_2024-01-21T13-59-56.jpg,brison,0.0987
force-06_valbonne-138_2024-02-27T16-52-32.jpg,valbonne,0.0987
force-06_courmettes-160_2024-04-03T08-34-16.jpg,courmettes,0.0986
force-06_courmettes-160_2024-02-27T14-21-01.jpg,courmettes,0.0985
sdis-07_brison-200_2024-01-26T15-24-37.jpg,brison,0.0981
sdis-07_brison-200_2024-02-29T18-40-12.jpg,brison,0.0974
force-06_courmettes-160_2024-01-28T15-52-36.jpg,courmettes,0.0974
sdis-77_croix-augas-161_2024-08-08T12-24-18.jpg,croix-augas,0.0968
sdis-07_brison-200_2024-03-16T14-57-03.jpg,brison,0.0964
sdis-77_croix-augas-59_2024-07-25T11-03-34.jpg,croix-augas,0.096
sdis-77_croix-augas-59_2024-07-07T10-14-20.jpg,croix-augas,0.0958
force-06_courmettes-80_2024-01-03T10-53-24.jpg,courmettes,0.0955
force-06_courmettes-80_2024-01-03T10-53-32.jpg,courmettes,0.0955
force-06_courmettes-80_2024-01-03T10-53-37.jpg,courmettes,0.0955
force-06_courmettes-212_2024-01-24T14-31-17.jpg,courmettes,0.0953
force-06_courmettes-212_2024-01-12T13-13-41.jpg,courmettes,0.0953
sdis-07_brison-110_2024-02-12T10-15-52.jpg,brison,0.0951
force-06_valbonne-138_2024-04-23T09-40-44.jpg,valbonne,0.095
sdis-07_brison-110_2024-03-06T10-09-30.jpg,brison,0.0949
force-06_courmettes-160_2024-04-26T11-00-18.jpg,courmettes,0.0949
sdis-07_brison-200_2024-02-20T16-34-16.jpg,brison,0.0945
force-06_valbonne-67_2024-01-24T09-57-53.jpg,valbonne,0.0936
sdis-07_brison-110_2024-03-28T13-19-34.jpg,brison,0.0929
sdis-07_brison-200_2024-02-07T17-31-38.jpg,brison,0.0928
sdis-07_brison-110_2024-03-01T11-11-47.jpg,brison,0.0926
force-06_valbonne-138_2024-01-16T08-14-23.jpg,valbonne,0.0926
force-06_courmettes-160_2024-01-24T10-42-06.jpg,courmettes,0.0924
sdis-77_croix-augas-59_2024-08-19T17-06-10.jpg,croix-augas,0.0923
sdis-07_brison-200_2024-01-25T17-10-41.jpg,brison,0.092
force-06_courmettes-160_2024-04-26T10-56-48.jpg,courmettes,0.0919
sdis-07_brison-110_2024-02-23T12-01-21.jpg,brison,0.0919
force-06_courmettes-160_2024-06-22T18-19-04.jpg,courmettes,0.0918
force-06_courmettes-160_2024-04-26T11-16-32.jpg,courmettes,0.0916
sdis-07_brison-200_2024-01-25T17-00-41.jpg,brison,0.0915
sdis-07_brison-110_2024-01-03T10-52-17.jpg,brison,0.0914
sdis-77_croix-augas-161_2024-08-08T11-26-57.jpg,croix-augas,0.0913
force-06_valbonne-138_2024-01-16T08-21-52.jpg,valbonne,0.0912
force-06_valbonne-138_2024-01-29T10-03-11.jpg,valbonne,0.091
sdis-07_brison-110_2024-02-12T10-09-41.jpg,brison,0.091
force-06_valbonne-349_2024-04-04T17-54-47.jpg,valbonne,0.0907
sdis-77_croix-augas-110_2024-08-12T14-41-11.jpg,croix-augas,0.0907
sdis-07_brison-20_2024-01-31T09-33-30.jpg,brison,0.0906
sdis-77_croix-augas-161_2024-08-15T12-11-07.jpg,croix-augas,0.0904
force-06_courmettes-160_2024-01-16T11-05-40.jpg,courmettes,0.0902
force-06_courmettes-80_2024-02-24T10-01-01.jpg,courmettes,0.0902
force-06_valbonne-138_2024-01-29T10-01-10.jpg,valbonne,0.0895
force-06_courmettes-160_2024-01-24T11-28-38.jpg,courmettes,0.0893
force-06_valbonne-138_2024-01-29T11-21-13.jpg,valbonne,0.0892
sdis-77_croix-augas-110_2024-07-30T13-51-22.jpg,croix-augas,0.0889
sdis-07_brison-110_2024-02-24T11-26-13.jpg,brison,0.0885
sdis-07_brison-110_2024-03-17T10-21-22.jpg,brison,0.0885
sdis-77_croix-augas-8_2024-07-09T19-43-15.jpg,croix-augas,0.0883
force-06_courmettes-160_2024-04-26T11-13-18.jpg,courmettes,0.088
force-06_courmettes-212_2024-01-12T13-23-38.jpg,courmettes,0.088
sdis-07_brison-110_2024-02-12T10-25-55.jpg,brison,0.0877
sdis-07_brison-200_2024-03-06T15-39-44.jpg,brison,0.0876
sdis-07_brison-200_2024-01-25T17-15-11.jpg,brison,0.0876
sdis-07_brison-290_2024-09-05T10-29-11.jpg,brison,0.0875
sdis-07_brison-290_2024-09-05T10-28-41.jpg,brison,0.0875
force-06_courmettes-275_2024-01-26T15-08-45.jpg,courmettes,0.0873
force-06_courmettes-212_2024-01-24T14-49-19.jpg,courmettes,0.0871
sdis-07_brison-110_2024-01-24T10-53-05.jpg,brison,0.0871
sdis-07_brison-290_2024-02-21T08-22-54.jpg,brison,0.0868
force-06_courmettes-212_2024-01-12T09-21-57.jpg,courmettes,0.0867
sdis-07_brison-110_2024-02-23T09-39-47.jpg,brison,0.0861
force-06_courmettes-212_2024-01-12T12-45-33.jpg,courmettes,0.0859
sdis-77_croix-augas-110_2024-08-12T14-20-17.jpg,croix-augas,0.0858
force-06_courmettes-212_2024-04-20T19-48-17.jpg,courmettes,0.0858
force-06_courmettes-160_2024-04-26T11-16-48.jpg,courmettes,0.0857
force-06_courmettes-160_2024-04-03T09-36-17.jpg,courmettes,0.0856
force-06_valbonne-138_2024-01-29T10-57-44.jpg,valbonne,0.0855
sdis-07_brison-200_2024-01-24T14-05-39.jpg,brison,0.0854
force-06_courmettes-160_2024-01-24T10-41-35.jpg,courmettes,0.0852
sdis-07_brison-200_2024-01-04T13-41-24.jpg,brison,0.0844
sdis-77_croix-augas-161_2024-08-08T11-26-26.jpg,croix-augas,0.0844
sdis-07_brison-110_2024-06-13T06-00-26.jpg,brison,0.0843
sdis-07_brison-110_2024-06-13T06-00-30.jpg,brison,0.0843
sdis-07_brison-20_2024-01-12T11-26-47.jpg,brison,0.0841
sdis-77_croix-augas-316_2024-09-15T12-45-54.jpg,croix-augas,0.0839
force-06_courmettes-160_2024-02-18T11-30-05.jpg,courmettes,0.0837
sdis-77_croix-augas-161_2024-08-08T11-23-26.jpg,croix-augas,0.0829
force-06_valbonne-138_2024-02-27T16-51-53.jpg,valbonne,0.0826
force-06_courmettes-275_2024-09-17T19-30-34.jpg,courmettes,0.0821
force-06_courmettes-80_2024-02-24T09-35-31.jpg,courmettes,0.082
force-06_courmettes-160_2024-01-31T09-37-14.jpg,courmettes,0.0819
sdis-77_croix-augas-220_2024-07-19T17-21-43.jpg,croix-augas,0.0819
force-06_courmettes-212_2024-01-24T14-32-46.jpg,courmettes,0.0818
sdis-07_brison-20_2024-01-31T09-35-01.jpg,brison,0.0815
sdis-07_brison-110_2024-02-12T10-04-41.jpg,brison,0.0813
sdis-77_croix-augas-161_2024-08-08T11-23-56.jpg,croix-augas,0.0812
sdis-07_brison-110_2024-03-01T11-22-01.jpg,brison,0.0808
sdis-07_brison-20_2024-01-12T16-18-56.jpg,brison,0.0807
force-06_courmettes-160_2024-04-22T14-41-51.jpg,courmettes,0.0805
sdis-07_brison-200_2024-02-20T15-57-08.jpg,brison,0.0803
sdis-07_brison-200_2024-03-06T16-56-45.jpg,brison,0.0802
force-06_courmettes-160_2024-04-22T15-00-52.jpg,courmettes,0.0798
sdis-07_brison-200_2024-02-20T16-34-09.jpg,brison,0.0798
sdis-07_brison-200_2024-01-24T14-45-55.jpg,brison,0.0797
force-06_valbonne-349_2024-04-04T17-45-56.jpg,valbonne,0.0796
sdis-07_brison-20_2024-01-12T10-25-00.jpg,brison,0.0795
sdis-07_brison-110_2024-02-12T10-10-41.jpg,brison,0.0794
force-06_courmettes-160_2024-01-31T09-37-17.jpg,courmettes,0.0792
sdis-07_brison-110_2024-01-24T10-44-05.jpg,brison,0.0791
sdis-07_brison-110_2024-02-12T11-38-14.jpg,brison,0.0791
force-06_valbonne-349_2024-04-04T17-36-56.jpg,valbonne,0.079
force-06_courmettes-80_2024-02-16T17-17-18.jpg,courmettes,0.0789
sdis-07_brison-20_2024-01-31T11-48-15.jpg,brison,0.0788
force-06_courmettes-160_2024-01-26T14-03-05.jpg,courmettes,0.0786
sdis-77_croix-augas-59_2024-07-19T12-09-59.jpg,croix-augas,0.0785
force-06_courmettes-160_2024-02-27T16-13-04.jpg,courmettes,0.0783
sdis-07_brison-200_2024-03-06T15-39-09.jpg,brison,0.0782
sdis-07_brison-110_2024-01-24T11-04-58.jpg,brison,0.0781
force-06_courmettes-160_2024-01-16T09-58-07.jpg,courmettes,0.0779
sdis-07_brison-200_2024-01-25T16-37-02.jpg,brison,0.0777
force-06_courmettes-160_2024-01-02T11-50-36.jpg,courmettes,0.0776
sdis-07_brison-110_2024-06-13T06-01-01.jpg,brison,0.0774
force-06_courmettes-160_2024-04-03T08-34-24.jpg,courmettes,0.0774
sdis-07_brison-290_2024-09-05T09-36-58.jpg,brison,0.0771
force-06_courmettes-212_2024-01-12T12-40-03.jpg,courmettes,0.0768
sdis-77_croix-augas-265_2024-07-24T15-29-11.jpg,croix-augas,0.0768
force-06_courmettes-212_2024-01-11T17-13-47.jpg,courmettes,0.0768
force-06_courmettes-212_2024-01-22T15-21-27.jpg,courmettes,0.0767
sdis-07_brison-200_2024-02-20T16-33-55.jpg,brison,0.0764
sdis-07_brison-110_2024-03-01T11-09-46.jpg,brison,0.0763
sdis-07_brison-200_2024-02-20T16-39-02.jpg,brison,0.0761
force-06_courmettes-212_2024-01-11T17-13-16.jpg,courmettes,0.076
sdis-77_croix-augas-8_2024-07-09T19-40-15.jpg,croix-augas,0.076
force-06_valbonne-349_2024-04-04T17-28-47.jpg,valbonne,0.0751
sdis-07_brison-290_2024-09-05T11-07-47.jpg,brison,0.0748
force-06_valbonne-67_2024-02-21T10-21-06.jpg,valbonne,0.0748
sdis-07_brison-110_2024-06-13T06-00-54.jpg,brison,0.0748
force-06_courmettes-160_2024-01-16T09-09-38.jpg,courmettes,0.0739
force-06_courmettes-275_2024-02-24T16-55-54.jpg,courmettes,0.0739
force-06_courmettes-160_2024-01-28T10-26-53.jpg,courmettes,0.0736
force-06_valbonne-67_2024-02-21T10-25-06.jpg,valbonne,0.0734
force-06_courmettes-160_2024-04-22T14-41-21.jpg,courmettes,0.0734
sdis-77_croix-augas-161_2024-08-08T11-40-57.jpg,croix-augas,0.0731
sdis-77_croix-augas-161_2024-08-08T12-20-41.jpg,croix-augas,0.073
force-06_valbonne-349_2024-01-23T14-10-34.jpg,valbonne,0.0723
sdis-77_croix-augas-110_2024-08-12T14-20-14.jpg,croix-augas,0.0722
force-06_courmettes-160_2024-04-22T14-42-21.jpg,courmettes,0.0721
sdis-07_brison-200_2024-01-23T17-28-09.jpg,brison,0.072
sdis-07_brison-110_2024-02-23T09-03-46.jpg,brison,0.0718
force-06_courmettes-160_2024-07-31T08-41-58.jpg,courmettes,0.0716
sdis-07_brison-200_2024-02-29T14-38-08.jpg,brison,0.0715
sdis-07_brison-200_2024-03-07T15-23-25.jpg,brison,0.0714
sdis-07_brison-110_2024-03-01T11-12-18.jpg,brison,0.0714
force-06_courmettes-212_2024-01-22T15-55-32.jpg,courmettes,0.0713
sdis-07_brison-200_2024-02-20T16-37-32.jpg,brison,0.0711
sdis-07_brison-110_2024-03-01T11-14-46.jpg,brison,0.0711
force-06_courmettes-80_2024-02-24T10-38-48.jpg,courmettes,0.071
force-06_courmettes-160_2024-04-26T10-58-48.jpg,courmettes,0.0709
force-06_courmettes-160_2024-04-26T10-58-52.jpg,courmettes,0.0709
force-06_courmettes-212_2024-01-12T09-30-57.jpg,courmettes,0.0709
force-06_courmettes-80_2024-01-10T11-32-12.jpg,courmettes,0.0709
force-06_courmettes-275_2024-09-17T18-51-56.jpg,courmettes,0.0706
sdis-07_brison-290_2024-09-05T10-40-14.jpg,brison,0.0703
force-06_courmettes-275_2024-09-17T16-38-06.jpg,courmettes,0.0703
force-06_courmettes-212_2024-01-16T09-51-39.jpg,courmettes,0.0702
force-06_courmettes-80_2024-02-24T09-36-00.jpg,courmettes,0.0699
force-06_courmettes-160_2024-01-29T13-22-27.jpg,courmettes,0.0698
sdis-77_croix-augas-212_2024-09-15T08-20-54.jpg,croix-augas,0.0696
sdis-77_croix-augas-8_2024-07-09T19-31-15.jpg,croix-augas,0.0695
force-06_valbonne-67_2024-02-21T10-19-06.jpg,valbonne,0.0694
sdis-07_brison-110_2024-02-12T10-26-45.jpg,brison,0.0694
force-06_valbonne-349_2024-01-23T14-09-34.jpg,valbonne,0.0694
force-06_courmettes-212_2024-01-14T14-15-26.jpg,courmettes,0.0692
sdis-07_brison-200_2024-01-23T14-14-33.jpg,brison,0.0691
sdis-07_brison-200_2024-01-23T14-15-04.jpg,brison,0.069
sdis-07_brison-200_2024-01-08T15-18-00.jpg,brison,0.0687
sdis-07_brison-200_2024-03-17T17-02-26.jpg,brison,0.0682
force-06_courmettes-212_2024-02-16T14-59-20.jpg,courmettes,0.0678
sdis-77_croix-augas-161_2024-08-08T11-25-27.jpg,croix-augas,0.0678
sdis-07_brison-110_2024-03-27T13-23-43.jpg,brison,0.0678
sdis-07_brison-200_2024-01-22T14-05-40.jpg,brison,0.0677
sdis-77_croix-augas-110_2024-08-12T14-20-16.jpg,croix-augas,0.0676
sdis-07_brison-110_2024-02-12T09-04-09.jpg,brison,0.0674
force-06_valbonne-138_2024-01-31T16-25-02.jpg,valbonne,0.0672
sdis-07_brison-20_2024-01-31T14-44-23.jpg,brison,0.0669
force-06_valbonne-349_2024-02-21T16-40-53.jpg,valbonne,0.0668
force-06_courmettes-160_2024-04-03T08-34-30.jpg,courmettes,0.0667
sdis-07_brison-200_2024-03-06T16-56-16.jpg,brison,0.0665
sdis-77_croix-augas-161_2024-08-08T11-20-26.jpg,croix-augas,0.0664
sdis-77_croix-augas-59_2024-07-25T11-08-44.jpg,croix-augas,0.0664
force-06_valbonne-138_2024-01-13T17-12-40.jpg,valbonne,0.0663
sdis-07_brison-110_2024-02-05T14-49-07.jpg,brison,0.0663
sdis-77_croix-augas-59_2024-07-02T18-51-21.jpg,croix-augas,0.0662
sdis-77_croix-augas-161_2024-08-15T12-17-11.jpg,croix-augas,0.066
sdis-07_brison-200_2024-02-07T16-00-29.jpg,brison,0.0659
sdis-07_brison-290_2024-09-05T10-27-14.jpg,brison,0.0659
sdis-07_brison-110_2024-03-17T10-21-08.jpg,brison,0.0659
sdis-07_brison-200_2024-02-17T15-41-06.jpg,brison,0.0657
force-06_courmettes-160_2024-01-16T11-05-12.jpg,courmettes,0.0656
force-06_courmettes-160_2024-04-03T09-16-22.jpg,courmettes,0.0653
force-06_courmettes-80_2024-02-24T10-38-35.jpg,courmettes,0.0649
force-06_courmettes-80_2024-02-24T10-38-39.jpg,courmettes,0.0649
force-06_courmettes-160_2024-01-28T15-54-05.jpg,courmettes,0.0649
force-06_courmettes-160_2024-01-27T09-55-58.jpg,courmettes,0.0647
sdis-77_croix-augas-59_2024-07-19T11-48-59.jpg,croix-augas,0.0647
force-06_courmettes-160_2024-02-19T12-08-58.jpg,courmettes,0.0646
force-06_courmettes-160_2024-06-25T18-00-18.jpg,courmettes,0.0646
force-06_courmettes-160_2024-04-03T08-44-02.jpg,courmettes,0.0645
sdis-07_brison-20_2024-01-12T11-06-47.jpg,brison,0.0645
force-06_courmettes-80_2024-04-22T07-43-27.jpg,courmettes,0.0638
sdis-07_brison-110_2024-01-28T09-05-21.jpg,brison,0.0637
sdis-77_croix-augas-265_2024-07-21T17-46-55.jpg,croix-augas,0.0637
sdis-77_croix-augas-265_2024-07-21T17-46-34.jpg,croix-augas,0.0637
sdis-07_brison-200_2024-01-25T17-35-48.jpg,brison,0.0632
force-06_courmettes-80_2024-02-24T09-36-30.jpg,courmettes,0.0631
force-06_courmettes-212_2024-08-15T07-15-25.jpg,courmettes,0.0629
sdis-07_brison-200_2024-01-25T16-37-17.jpg,brison,0.0629
sdis-07_brison-20_2024-01-09T11-23-53.jpg,brison,0.0627
sdis-07_brison-20_2024-01-09T11-24-10.jpg,brison,0.0626
force-06_valbonne-138_2024-01-16T08-45-55.jpg,valbonne,0.0625
sdis-07_brison-110_2024-03-27T11-54-59.jpg,brison,0.0624
force-06_courmettes-212_2024-01-09T12-18-23.jpg,courmettes,0.0624
sdis-77_croix-augas-161_2024-08-05T07-44-20.jpg,croix-augas,0.0623
sdis-77_croix-augas-59_2024-07-19T11-45-29.jpg,croix-augas,0.0622
force-06_courmettes-80_2024-02-21T09-55-14.jpg,courmettes,0.062
force-06_courmettes-80_2024-01-10T11-43-13.jpg,courmettes,0.0619
force-06_courmettes-160_2024-01-16T09-09-37.jpg,courmettes,0.0619
force-06_courmettes-212_2024-02-12T14-34-25.jpg,courmettes,0.0618
sdis-77_croix-augas-161_2024-07-25T14-33-33.jpg,croix-augas,0.0617
sdis-07_brison-200_2024-02-14T15-18-32.jpg,brison,0.0615
sdis-77_croix-augas-59_2024-07-25T11-17-56.jpg,croix-augas,0.0614
force-06_valbonne-349_2024-01-23T14-10-04.jpg,valbonne,0.0612
sdis-77_croix-augas-59_2024-07-03T12-04-17.jpg,croix-augas,0.0609
force-06_valbonne-138_2024-02-01T11-26-01.jpg,valbonne,0.0607
sdis-07_brison-290_2024-09-05T10-25-15.jpg,brison,0.0606
sdis-77_croix-augas-59_2024-09-22T12-31-57.jpg,croix-augas,0.0601
sdis-77_croix-augas-265_2024-09-06T09-31-33.jpg,croix-augas,0.06
force-06_courmettes-160_2024-01-16T09-09-44.jpg,courmettes,0.06
force-06_valbonne-138_2024-01-20T10-45-54.jpg,valbonne,0.06
sdis-07_brison-110_2024-03-01T11-13-47.jpg,brison,0.0599
sdis-07_brison-20_2024-01-31T09-34-01.jpg,brison,0.0597
sdis-07_brison-110_2024-03-01T11-11-17.jpg,brison,0.0597
force-06_courmettes-212_2024-01-11T17-12-49.jpg,courmettes,0.0596
sdis-07_brison-110_2024-03-17T10-06-11.jpg,brison,0.0594
sdis-07_brison-200_2024-02-14T16-17-17.jpg,brison,0.0593
sdis-07_brison-200_2024-02-14T16-17-10.jpg,brison,0.0593
sdis-07_brison-200_2024-03-11T16-17-29.jpg,brison,0.0592
force-06_courmettes-160_2024-01-19T11-04-39.jpg,courmettes,0.059
force-06_courmettes-160_2024-01-24T10-41-43.jpg,courmettes,0.0588
force-06_courmettes-160_2024-01-24T11-06-36.jpg,courmettes,0.0582
sdis-07_brison-200_2024-01-15T15-54-39.jpg,brison,0.0581
sdis-07_brison-110_2024-03-01T11-10-16.jpg,brison,0.0581
force-06_courmettes-160_2024-01-16T11-02-09.jpg,courmettes,0.058
sdis-07_brison-200_2024-02-03T14-24-00.jpg,brison,0.058
sdis-77_croix-augas-265_2024-07-21T17-45-29.jpg,croix-augas,0.058
force-06_valbonne-138_2024-04-23T09-51-44.jpg,valbonne,0.0579
sdis-07_brison-200_2024-01-20T16-51-13.jpg,brison,0.0571
sdis-77_croix-augas-265_2024-07-21T17-45-49.jpg,croix-augas,0.057
force-06_valbonne-138_2024-01-29T10-58-06.jpg,valbonne,0.0569
force-06_courmettes-80_2024-02-17T10-48-31.jpg,courmettes,0.0568
force-06_courmettes-80_2024-02-24T10-38-42.jpg,courmettes,0.0567
sdis-77_croix-augas-59_2024-07-08T15-50-34.jpg,croix-augas,0.0567
sdis-07_brison-200_2024-01-16T13-41-36.jpg,brison,0.0564
sdis-07_brison-110_2024-03-28T13-20-06.jpg,brison,0.0561
force-06_courmettes-160_2024-04-03T08-43-53.jpg,courmettes,0.056
sdis-07_brison-290_2024-01-10T10-05-21.jpg,brison,0.056
force-06_valbonne-67_2024-02-16T10-13-35.jpg,valbonne,0.056
force-06_courmettes-212_2024-01-26T10-57-33.jpg,courmettes,0.0559
sdis-07_brison-110_2024-03-12T09-02-05.jpg,brison,0.0559
force-06_courmettes-212_2024-08-31T19-18-17.jpg,courmettes,0.0557
sdis-07_brison-290_2024-09-05T10-18-43.jpg,brison,0.0555
sdis-07_brison-20_2024-02-06T12-15-47.jpg,brison,0.0555
force-06_courmettes-212_2024-01-12T13-25-43.jpg,courmettes,0.0554
force-06_valbonne-349_2024-04-04T17-37-14.jpg,valbonne,0.0552
sdis-07_brison-20_2024-01-31T09-34-30.jpg,brison,0.055
sdis-07_brison-200_2024-03-15T16-27-43.jpg,brison,0.0549
force-06_courmettes-160_2024-04-03T08-43-47.jpg,courmettes,0.0549
sdis-77_croix-augas-161_2024-08-08T11-27-27.jpg,croix-augas,0.0547
force-06_courmettes-212_2024-01-30T15-05-33.jpg,courmettes,0.0547
force-06_courmettes-275_2024-09-17T18-28-09.jpg,courmettes,0.0547
sdis-07_brison-110_2024-02-23T09-04-47.jpg,brison,0.0545
sdis-07_brison-200_2024-03-06T16-13-51.jpg,brison,0.0543
sdis-07_brison-110_2024-02-07T08-17-44.jpg,brison,0.0543
force-06_valbonne-138_2024-01-13T17-37-17.jpg,valbonne,0.0541
force-06_courmettes-160_2024-04-26T11-47-20.jpg,courmettes,0.054
sdis-07_brison-200_2024-02-02T14-41-43.jpg,brison,0.0538
force-06_valbonne-67_2024-02-21T10-22-06.jpg,valbonne,0.0535
sdis-77_croix-augas-110_2024-08-12T14-44-11.jpg,croix-augas,0.0535
sdis-07_brison-110_2024-01-24T10-44-14.jpg,brison,0.0534
sdis-77_croix-augas-161_2024-07-10T08-11-47.jpg,croix-augas,0.0534
force-06_valbonne-67_2024-02-21T10-21-36.jpg,valbonne,0.0533
force-06_courmettes-160_2024-01-16T11-15-40.jpg,courmettes,0.0533
sdis-77_croix-augas-110_2024-08-12T14-45-45.jpg,croix-augas,0.053
sdis-07_brison-110_2024-03-01T11-10-47.jpg,brison,0.0527
sdis-77_croix-augas-161_2024-08-08T11-25-57.jpg,croix-augas,0.0526
sdis-07_brison-200_2024-01-04T13-41-29.jpg,brison,0.0524
force-06_courmettes-160_2024-01-24T11-26-37.jpg,courmettes,0.0524
sdis-07_brison-200_2024-03-05T16-24-23.jpg,brison,0.0523
force-06_courmettes-160_2024-01-26T14-03-35.jpg,courmettes,0.0522
force-06_valbonne-138_2024-01-16T08-14-21.jpg,valbonne,0.0521
sdis-07_brison-110_2024-02-23T09-05-16.jpg,brison,0.0521
force-06_valbonne-67_2024-01-03T10-57-33.jpg,valbonne,0.0521
force-06_courmettes-160_2024-01-11T11-01-07.jpg,courmettes,0.0521
force-06_courmettes-212_2024-01-15T12-01-16.jpg,courmettes,0.052
sdis-07_brison-110_2024-02-12T10-07-48.jpg,brison,0.052
force-06_courmettes-275_2024-02-05T11-16-09.jpg,courmettes,0.052
sdis-77_croix-augas-161_2024-08-08T11-22-56.jpg,croix-augas,0.0517
force-06_courmettes-160_2024-04-26T10-56-18.jpg,courmettes,0.0516
sdis-07_brison-110_2024-02-23T12-34-52.jpg,brison,0.0514
force-06_courmettes-212_2024-01-12T12-24-10.jpg,courmettes,0.051
sdis-07_brison-110_2024-03-01T08-58-50.jpg,brison,0.0509
sdis-77_croix-augas-265_2024-07-17T18-24-25.jpg,croix-augas,0.0506
sdis-77_croix-augas-8_2024-07-09T19-32-00.jpg,croix-augas,0.0506
sdis-07_brison-200_2024-02-20T16-38-01.jpg,brison,0.0506
force-06_courmettes-212_2024-01-12T12-59-29.jpg,courmettes,0.0506
sdis-07_brison-110_2024-02-12T10-03-19.jpg,brison,0.0503
